chr,tranco_domain,event_name,container_id
https://sst.one.com/g/collect,one.one,experience_impression,G-BD66HNTQLT
https://sst.one.com/g/collect,one.one,page_view,G-BD66HNTQLT
https://sst.one.com/g/collect,one.one,scroll,G-BD66HNTQLT
https://sst.one.com/g/collect,one.one,user_engagement,G-BD66HNTQLT
https://sgtm.kaspersky.com/g/collect,kaspersky.com,page_view,G-NSVBRC7S52
https://sgtm.kaspersky.com/g/collect,kaspersky.com,scroll,G-NSVBRC7S52
https://sgtm.kaspersky.com/g/collect,kaspersky.com,user_engagement,G-NSVBRC7S52
https://sgtm.kaspersky.com/g/collect,kaspersky.com,view_item,G-NSVBRC7S52
https://gtm.shopify.com/g/collect,shopify.com,,G-W6NECZNE63
https://gtm.shopify.com/g/collect,shopify.com,page_view,G-W6NECZNE63
https://gtm.shopify.com/g/collect,shopify.com,user_engagement,G-W6NECZNE63
https://sgtm-amer.hubspot.com/g/collect,hubspot.com,page_view,G-X
https://sgtm-amer.hubspot.com/g/collect,hubspot.com,user_engagement,G-X
https://gtm-cloud.production.linktr.ee/g/collect,linktr.ee,Custom Client ID,G-F9LW8B9KVW
https://gtm-cloud.production.linktr.ee/g/collect,linktr.ee,ViewContent,G-F9LW8B9KVW
https://gtm-cloud.production.linktr.ee/g/collect,linktr.ee,page_view,G-F9LW8B9KVW
https://gtm-cloud.production.linktr.ee/g/collect,linktr.ee,scroll,G-F9LW8B9KVW
https://gtm-cloud.production.linktr.ee/g/collect,linktr.ee,user_engagement,G-F9LW8B9KVW
https://udl.hp.com/g/collect,hp.com,internal,G-MLN10KM876
https://udl.hp.com/g/collect,hp.com,page_view,G-MLN10KM876
https://udl.hp.com/g/collect,hp.com,user_engagement,G-MLN10KM876
:///gmetric/ag/g/c,drom.ru,page_view,G-1G91VLKB2K
:///gmetric/ag/g/c,drom.ru,user_engagement,G-1G91VLKB2K
:///gmetric/ag/g/c,drom.ru,view,G-1G91VLKB2K
:///gmetric/ag/g/c,drom.ru,vin___посещение_лендинга,G-1G91VLKB2K
https://gtp-mktg.booking.com/g/collect,booking.com,page_view,G-A12345
https://gtp-mktg.booking.com/g/collect,booking.com,user_engagement,G-A12345
https://mktgadt.dell.com/g/collect,dell.com,,G-1234567890
https://sgtm.indeed.com/g/collect,indeed.com,page_view,G-LYNT3BTHPG
https://sgtm.indeed.com/g/collect,indeed.com,user_engagement,G-LYNT3BTHPG
https://tagging.conde.digital/g/collect,wired.com,signals_set,G-D4708NJLD1
https://tagging.conde.digital/g/collect,wired.com,user_engagement,G-D4708NJLD1
https://analytics.gitlab.com/g/collect,gitlab.com,6sense_loaded,G-ENFH3X7M5Y
https://analytics.gitlab.com/g/collect,gitlab.com,page_view,G-ENFH3X7M5Y
https://analytics.gitlab.com/g/collect,gitlab.com,page_view,G-EVTFNG2S5Z
https://analytics.gitlab.com/g/collect,gitlab.com,scroll_depth_25,G-ENFH3X7M5Y
https://analytics.gitlab.com/g/collect,gitlab.com,scroll_depth_50,G-ENFH3X7M5Y
https://analytics.gitlab.com/g/collect,gitlab.com,scroll_depth_75,G-ENFH3X7M5Y
https://sgtm.eset.com/g/collect,eset.com,cookie_consent_visible,G-QQY56YDFHV
https://sgtm.eset.com/g/collect,eset.com,cookie_consent_visible,G-YTY7EYQL14
https://sgtm.eset.com/g/collect,eset.com,custom_parameters,G-QQY56YDFHV
https://sgtm.eset.com/g/collect,eset.com,custom_parameters,G-YTY7EYQL14
https://sgtm.eset.com/g/collect,eset.com,page_view,G-QQY56YDFHV
https://sgtm.eset.com/g/collect,eset.com,page_view,G-YTY7EYQL14
https://sgtm.eset.com/g/collect,eset.com,promo_view,G-QQY56YDFHV
https://sgtm.eset.com/g/collect,eset.com,promo_view,G-YTY7EYQL14
https://sgtm.eset.com/g/collect,eset.com,user_engagement,G-QQY56YDFHV
https://sgtm.eset.com/g/collect,eset.com,user_engagement,G-YTY7EYQL14
https://sgtm.eset.com/g/collect,eset.com,view_item_list,G-QQY56YDFHV
https://sgtm.eset.com/g/collect,eset.com,view_item_list,G-YTY7EYQL14
https://tagging.mobile.de/g/collect,mobile.de,,G-2H40T2VTNP
https://gtm.surveymonkey.com/g/collect,surveymonkey.com,virtualPageView,G-1111111
https://sgtm.ikea.com/g/collect,ikea.com,page_view,G-S4EX53B760
https://gtm.deepl.com/g/collect,deepl.com,page_view,G-66CXJP77N5
https://gtm.deepl.com/g/collect,deepl.com,user_engagement,G-66CXJP77N5
https://mailchimp.com/gtm/g/collect,mailchimp.com,cheq_threat_detection,G-N5HD1RTH6E
https://mailchimp.com/gtm/g/collect,mailchimp.com,meta_capi_page_view,G-N5HD1RTH6E
https://mailchimp.com/gtm/g/collect,mailchimp.com,page_view,G-N5HD1RTH6E
https://mailchimp.com/gtm/g/collect,mailchimp.com,scroll,G-N5HD1RTH6E
https://sgtm.qualtrics.com/g/collect,qualtrics.com,,G-Z0RM4JK167
https://sgtm.qualtrics.com/g/collect,qualtrics.com,nav_custom_click,G-Z0RM4JK167
https://sgtm.qualtrics.com/g/collect,qualtrics.com,page_view,G-Z0RM4JK167
https://sgtm.qualtrics.com/g/collect,qualtrics.com,scroll_tracking,G-Z0RM4JK167
https://sgtm.qualtrics.com/g/collect,qualtrics.com,user_engagement,G-Z0RM4JK167
https://consumersignals.services.nike.com/consumersignals/gtm/v1/container/g/collect,nike.com,,G-QTVTHYLBQS
https://consumersignals.services.nike.com/consumersignals/gtm/v1/container/g/collect,nike.com,page_view,G-QTVTHYLBQS
https://server-side-tagging-45ic35o36a-uc.a.run.app/g/collect,stackadapt.com,page_view,G-123456
https://server-side-tagging-45ic35o36a-uc.a.run.app/g/collect,stackadapt.com,user_engagement,G-123456
https://webops-gtm.datadoghq.com/g/collect,datadoghq.com,LinkedIn_Event,G-KN80RDFSQK
https://webops-gtm.datadoghq.com/g/collect,datadoghq.com,page_view,G-KN80RDFSQK
https://webops-gtm.datadoghq.com/g/collect,datadoghq.com,scroll,G-KN80RDFSQK
https://webops-gtm.datadoghq.com/g/collect,datadoghq.com,user_engagement,G-KN80RDFSQK
https://webops-gtm.datadoghq.com/g/collect,datadoghq.com,visitors_landing_on_homepage,G-KN80RDFSQK
:///metrics/ag/g/c,theverge.com,CLS,G-9GXHZT6RVE
:///metrics/ag/g/c,theverge.com,LCP,G-9GXHZT6RVE
:///metrics/ag/g/c,theverge.com,page_view,G-9GXHZT6RVE
:///metrics/ag/g/c,theverge.com,tiktok_capi_view,G-9GXHZT6RVE
:///metrics/ag/g/c,theverge.com,zephr_experiments_ready,G-9GXHZT6RVE
https://www.airbnb.com/sgtm/g/collect,airbnb.com,,G-2P6Q8PGG16
https://www.airbnb.com/sgtm/g/collect,airbnb.com,page_view_consento,G-2P6Q8PGG16
https://www.airbnb.com/sgtm/g/collect,airbnb.com,user_engagement,G-2P6Q8PGG16
https://analytics.sagepub.com/g/collect,sagepub.com,page_view,G-60R758KFDG
https://analytics.sagepub.com/g/collect,sagepub.com,scroll,G-60R758KFDG
https://analytics.sagepub.com/g/collect,sagepub.com,user_engagement,G-60R758KFDG
https://gtm-server.healthline.com/g/collect,healthline.com,page_view,G-0N29CNZT79
https://gtm-server.healthline.com/g/collect,healthline.com,user_engagement,G-0N29CNZT79
https://server-side-tagging-kquh5nqcta-uc.a.run.app/g/collect,netgear.com,consent_status,G-QBVMQ4SVMF
https://he.lefigaro.fr/g/collect,lefigaro.fr,CMP_AcceptAllPurpose,G-NLLLBBNGFK
https://he.lefigaro.fr/g/collect,lefigaro.fr,CMP_UI_Shown,G-NLLLBBNGFK
https://he.lefigaro.fr/g/collect,lefigaro.fr,ViewSubscriptionBanner,G-NLLLBBNGFK
https://he.lefigaro.fr/g/collect,lefigaro.fr,page_view,G-NLLLBBNGFK
https://he.lefigaro.fr/g/collect,lefigaro.fr,user_engagement,G-NLLLBBNGFK
https://mailchimp.com/gtm/g/collect,mailchi.mp,,G-N5HD1RTH6E
https://mailchimp.com/gtm/g/collect,mailchi.mp,cheq_threat_detection,G-N5HD1RTH6E
https://mailchimp.com/gtm/g/collect,mailchi.mp,meta_capi_page_view,G-N5HD1RTH6E
https://mailchimp.com/gtm/g/collect,mailchi.mp,page_view,G-N5HD1RTH6E
https://mailchimp.com/gtm/g/collect,mailchi.mp,scroll,G-N5HD1RTH6E
https://mtagm.agoda.com/g/collect,agoda.com,page_view,G-T408Z268D2
https://mtagm.agoda.com/g/collect,agoda.com,scroll,G-T408Z268D2
https://mtagm.agoda.com/g/collect,agoda.com,user_engagement,G-T408Z268D2
https://gtm.cloudinary.com/g/collect,cloudinary.com,experience_impression,G-NKMQJY2D2H
https://gtm.cloudinary.com/g/collect,cloudinary.com,page_view,G-NKMQJY2D2H
https://gtm.cloudinary.com/g/collect,cloudinary.com,scroll,G-NKMQJY2D2H
https://gtm.cloudinary.com/g/collect,cloudinary.com,user_engagement,G-NKMQJY2D2H
https://sgtm.jetbrains.com/g/collect,jetbrains.com,page_view,G-M8TDRLXFQH
https://sgtm.jetbrains.com/g/collect,jetbrains.com,user_engagement,G-M8TDRLXFQH
https://tag-manager.frontiersin.org/g/collect,frontiersin.org,fgs_page_view,G-MF9DGCL3QL
https://tag-manager.frontiersin.org/g/collect,frontiersin.org,page_view,G-MF9DGCL3QL
https://tag-manager.frontiersin.org/g/collect,frontiersin.org,scroll,G-MF9DGCL3QL
https://tag-manager.frontiersin.org/g/collect,frontiersin.org,time_measurement,G-MF9DGCL3QL
https://gtm-mx4ljk7-ywzlm.uc.r.appspot.com/g/collect,,user_engagement,G-1
https://tags.coursera.org/g/collect,coursera.org,page_view,G-7GZ59JSFWQ
https://tags.coursera.org/g/collect,coursera.org,scroll,G-7GZ59JSFWQ
https://tags.coursera.org/g/collect,coursera.org,user_engagement,G-7GZ59JSFWQ
https://tags.coursera.org/g/collect,coursera.org,view_search_results,G-7GZ59JSFWQ
https://server.sgtm-legacy.kleinanzeigen.de/g/collect,kleinanzeigen.de,,G-6V6MWRHVN8
https://server.sgtm-legacy.kleinanzeigen.de/g/collect,kleinanzeigen.de,ConsentBannerLoaded,G-6V6MWRHVN8
https://server.sgtm-legacy.kleinanzeigen.de/g/collect,kleinanzeigen.de,page_view,G-6V6MWRHVN8
https://server.sgtm-legacy.kleinanzeigen.de/g/collect,kleinanzeigen.de,scroll,G-6V6MWRHVN8
https://server.sgtm-legacy.kleinanzeigen.de/g/collect,kleinanzeigen.de,user_engagement,G-6V6MWRHVN8
https://sgtm.beget.com/g/collect,beget.com,page_view,G-PZJSKZPBP7
https://sgtm.beget.com/g/collect,beget.com,scroll,G-PZJSKZPBP7
https://sgtm.beget.com/g/collect,beget.com,user_engagement,G-PZJSKZPBP7
https://gtm.wise.com/g/collect,wise.com,page_view,G-MFT2R11DFX
https://gtm.wise.com/g/collect,wise.com,scroll,G-MFT2R11DFX
https://ssgtm.trac.i3.dmm.co.jp/g/collect,dmm.co.jp,page_view,G-KQYE0DE5JW
https://ssgtm.trac.i3.dmm.co.jp/g/collect,dmm.co.jp,scroll,G-KQYE0DE5JW
https://ssgtm.trac.i3.dmm.co.jp/g/collect,dmm.co.jp,timing,G-KQYE0DE5JW
https://ssgtm.trac.i3.dmm.co.jp/g/collect,dmm.co.jp,user_engagement,G-KQYE0DE5JW
https://ssgtm.trac.i3.dmm.com/g/collect,dmm.co.jp,,G-KQYE0DE5JW
https://ssgtm.trac.i3.dmm.com/g/collect,dmm.co.jp,page_view,G-KQYE0DE5JW
https://ssgtm.trac.i3.dmm.com/g/collect,dmm.co.jp,timing,G-KQYE0DE5JW
https://ssgtm.trac.i3.dmm.com/g/collect,dmm.co.jp,view_common,G-KQYE0DE5JW
https://ssgtm.trac.i3.dmm.com/g/collect,dmm.co.jp,view_promotion,G-KQYE0DE5JW
https://tagging.conde.digital/g/collect,newyorker.com,signals_set,G-8CZLCH4X9N
https://tagging.conde.digital/g/collect,newyorker.com,user_engagement,G-8CZLCH4X9N
https://sstm2.asu.edu/g/collect,asu.edu,non_bounce_user,G-TEHJR60KD9
https://sstm2.asu.edu/g/collect,asu.edu,page_view,G-TEHJR60KD9
https://sstm2.asu.edu/g/collect,asu.edu,scroll,G-TEHJR60KD9
https://sstm2.asu.edu/g/collect,asu.edu,user_engagement,G-TEHJR60KD9
https://sgtm.ixbt.com/al/g/collect,ixbt.com,page_view,G-ZEN51QVN2K
https://sgtm.ixbt.com/al/g/collect,ixbt.com,scroll,G-ZEN51QVN2K
https://sgtm.ixbt.com/al/g/collect,ixbt.com,user_engagement,G-ZEN51QVN2K
https://gtm.moengage.com/g/collect,moengage.com,page_view,G-SEBHW7YTZ7
https://gtm.moengage.com/g/collect,moengage.com,scroll,G-SEBHW7YTZ7
https://gtm.moengage.com/g/collect,moengage.com,user_engagement,G-SEBHW7YTZ7
:///ndni/ag/g/c,tgju.org,https://www.tgju.org/,G-6MQ0NDCL4Y
:///ndni/ag/g/c,tgju.org,https://www.tgju.org/news/3528631/%D9%81%D8%B1%D8%A7%D8%B1-%D9%81%D9%88%D9%84%D8%A7%D8%AF-%D8%A7%DB%8C%D8%B1%D8%A7%D9%86%DB%8C-%D8%A7%D8%B2-%D8%A8%D9%88%D8%B1%D8%B3-%D8%A8%D9%87-%D8%AC%DB%8C%D8%A8-%D9%87%D9%85%D8%B3%D8%A7%DB%8C%D9%87-%D9%87%D8%A7,G-6MQ0NDCL4Y
:///ndni/ag/g/c,tgju.org,https://www.tgju.org/panel/comment?subject=tgju-news-3528631&cleaniframe=3&vr=2,G-6MQ0NDCL4Y
:///ndni/ag/g/c,tgju.org,page_view,G-6MQ0NDCL4Y
:///ndni/ag/g/c,tgju.org,page_view,G-V2WJM8S4CZ
:///ndni/ag/g/c,tgju.org,scroll,G-6MQ0NDCL4Y
:///ndni/ag/g/c,tgju.org,scroll,G-V2WJM8S4CZ
:///ndni/ag/g/c,tgju.org,user_engagement,G-6MQ0NDCL4Y
:///ndni/ag/g/c,tgju.org,user_engagement,G-V2WJM8S4CZ
https://server.sgtm.marktplaats.nl/g/collect,marktplaats.nl,,G-YECTZ2BX2K
https://g.sst.afternic.com/g/collect,afternic.com,scroll,G-0ZH5LJDC5X
https://g.sst.afternic.com/g/collect,afternic.com,user_engagement,G-0ZH5LJDC5X
https://tags.subito.it/g/collect,subito.it,page_view,G-D72SGH4DYJ
https://tags.subito.it/g/collect,subito.it,user_engagement,G-D72SGH4DYJ
https://tags.subito.it/g/collect,subito.it,user_engagement,G-XXXXXXXXXX
https://tags.subito.it/g/collect,subito.it,view_item_list,G-XXXXXXXXXX
https://tags.subito.it/g/collect,subito.it,view_search_results,G-D72SGH4DYJ
https://analytics.bmj.com/g/collect,bmj.com,page_view,G-LHT0ZJKRSY
https://analytics.bmj.com/g/collect,bmj.com,page_view,G-N0KVPL2464
https://analytics.bmj.com/g/collect,bmj.com,scroll,G-LHT0ZJKRSY
https://analytics.bmj.com/g/collect,bmj.com,scroll,G-N0KVPL2464
https://analytics.bmj.com/g/collect,bmj.com,user_engagement,G-LHT0ZJKRSY
https://analytics.bmj.com/g/collect,bmj.com,user_engagement,G-N0KVPL2464
https://pdr.emag.ro/g/collect,emag.ro,page_view,G-NQ0CHVH7MU
https://en.zalando.de/api/t/gtm/g/collect,zalando.de,load_content,G-MDW1S9PQPW
https://en.zalando.de/api/t/gtm/g/collect,zalando.de,page_view,G-MDW1S9PQPW
https://en.zalando.de/api/t/gtm/g/collect,zalando.de,scroll,G-MDW1S9PQPW
https://en.zalando.de/api/t/gtm/g/collect,zalando.de,user_engagement,G-MDW1S9PQPW
https://en.zalando.de/api/t/gtm/g/collect,zalando.de,view_cart,G-MDW1S9PQPW
https://en.zalando.de/api/t/gtm/g/collect,zalando.de,view_content,G-MDW1S9PQPW
https://vnt.xhamster19.com/g/collect,,,G-M59JX8S6QE
https://vnt.xhaccess.com/g/collect,xhaccess.com,,G-M59JX8S6QE
https://vnt.xhamster1.desi/g/collect,xhamster1.desi,,G-M59JX8S6QE
https://vnt.xhamster1.desi/g/collect,xhamster1.desi,user_engagement,G-M59JX8S6QE
https://vnt.xhamster.com/g/collect,xhwide5.com,,G-M59JX8S6QE
https://vnt.xhamster3.com/g/collect,xhamster3.com,,G-M59JX8S6QE
:///tagmetrics/ga/g/c,coingecko.com,ad_impression,G-LJR3232ZPB
:///tagmetrics/ga/g/c,coingecko.com,page_view,G-LJR3232ZPB
:///tagmetrics/ga/g/c,coingecko.com,scroll,G-LJR3232ZPB
:///tagmetrics/ga/g/c,coingecko.com,user_engagement,G-LJR3232ZPB
:///tagmetrics/ga/g/c,coingecko.com,view_coin_page_markets,G-LJR3232ZPB
https://gtm.basis.com/g/collect,sitescout.com,6sense_details,G-E6BVYDR09E
https://gtm.basis.com/g/collect,sitescout.com,page_view,G-E6BVYDR09E
https://gtm.basis.com/g/collect,sitescout.com,scroll,G-E6BVYDR09E
https://gtm.basis.com/g/collect,sitescout.com,user_engagement,G-E6BVYDR09E
https://gtm-server.healthline.com/g/collect,medicalnewstoday.com,page_view,G-930KV6HDTB
https://gtm-server.healthline.com/g/collect,medicalnewstoday.com,user_engagement,G-930KV6HDTB
https://sgtm.fastcompany.com/g/collect,fastcompany.com,page_view,G-D9SD54MGBM
https://sgtm.fastcompany.com/g/collect,fastcompany.com,user_engagement,G-D9SD54MGBM
https://ssgtm.lecturas.com/g/collect,lecturas.com,user_engagement,G-SERVERGTMLECTURAS
https://sst.livechat.com/g/collect,livechatinc.com,page_view,G-RQYQC70KNS
https://sst.livechat.com/g/collect,livechatinc.com,user_engagement,G-RQYQC70KNS
https://sgtm.beget.com/g/collect,beget.ru,page_view,G-PZJSKZPBP7
https://sgtm.beget.com/g/collect,beget.ru,scroll,G-PZJSKZPBP7
https://sgtm.beget.com/g/collect,beget.ru,user_engagement,G-PZJSKZPBP7
https://a.acronis.com/g/collect,acronis.com,language popup,G-1234567890
https://a.acronis.com/g/collect,acronis.com,page_view,G-1234567890
https://a.acronis.com/g/collect,acronis.com,scroll,G-1234567890
https://a.acronis.com/g/collect,acronis.com,user_engagement,G-1234567890
https://measure.nextdoor.com/g/collect,nextdoor.com,page_view,G-HND6C6XLY7
https://measure.nextdoor.com/g/collect,nextdoor.com,user_engagement,G-HND6C6XLY7
https://gtm.udemy.com/g/collect,udemy.com,page_view,G-7YMFEFLR6Q
https://gtm.udemy.com/g/collect,udemy.com,scroll,G-7YMFEFLR6Q
https://gtm.udemy.com/g/collect,udemy.com,user_engagement,G-7YMFEFLR6Q
https://data.themeisle.com/g/collect,themeisle.com,page_view,G-D2Q8EGWPY5
https://data.themeisle.com/g/collect,themeisle.com,scroll,G-D2Q8EGWPY5
https://data.themeisle.com/g/collect,themeisle.com,scroll,G-PBV2B4WEBH
https://data.themeisle.com/g/collect,themeisle.com,user_engagement,G-D2Q8EGWPY5
https://data.themeisle.com/g/collect,themeisle.com,user_engagement,G-PBV2B4WEBH
:///metrics/ag/g/c,vox.com,CLS,G-C3QZPB4GVE
:///metrics/ag/g/c,vox.com,LCP,G-C3QZPB4GVE
:///metrics/ag/g/c,vox.com,memberships_cta_view,G-C3QZPB4GVE
:///metrics/ag/g/c,vox.com,newsletter_view,G-C3QZPB4GVE
:///metrics/ag/g/c,vox.com,page_view,G-C3QZPB4GVE
:///metrics/ag/g/c,vox.com,scroll,G-C3QZPB4GVE
:///metrics/ag/g/c,vox.com,tiktok_capi_view,G-C3QZPB4GVE
:///metrics/ag/g/c,vox.com,video,G-C3QZPB4GVE
:///metrics/ag/g/c,vox.com,zephr_experiments_ready,G-C3QZPB4GVE
https://analytics.matterport.com/g/collect,matterport.com,page_view,G-W66Y5HELXX
https://analytics.matterport.com/g/collect,matterport.com,scroll,G-W66Y5HELXX
https://analytics.matterport.com/g/collect,matterport.com,scroll_detail,G-W66Y5HELXX
https://analytics.matterport.com/g/collect,matterport.com,user_engagement,G-W66Y5HELXX
https://tagging.conde.digital/g/collect,arstechnica.com,signals_set,G-LRHY7JG2PW
https://tagging.conde.digital/g/collect,arstechnica.com,user_engagement,G-LRHY7JG2PW
https://cm.nordvpn.com/g/collect,nordvpn.com,page_view,G-LEXMJ1N516
https://cm.nordvpn.com/g/collect,nordvpn.com,scroll,G-LEXMJ1N516
https://cm.nordvpn.com/g/collect,nordvpn.com,status_bar_loaded,G-LEXMJ1N516
https://cm.nordvpn.com/g/collect,nordvpn.com,user_engagement,G-LEXMJ1N516
https://cm.nordvpn.com/g/collect,nordvpn.com,widget_loaded,G-LEXMJ1N516
https://ssgtm.virginmedia.com/g/collect,virginmedia.com,page_view,G-59ZQPXLJSB
https://ssgtm.virginmedia.com/g/collect,virginmedia.com,user_engagement,G-59ZQPXLJSB
https://sgtm-tagging-gom3uauwma-uc.a.run.app/g/collect,sfgate.com,user_engagement,G-5151NZE000
https://sst.one.com/g/collect,one.com,experience_impression,G-BD66HNTQLT
https://sst.one.com/g/collect,one.com,page_view,G-BD66HNTQLT
https://sst.one.com/g/collect,one.com,scroll,G-BD66HNTQLT
https://sst.one.com/g/collect,one.com,user_engagement,G-BD66HNTQLT
https://sst.one.com/g/collect,one.com,view_item,G-BD66HNTQLT
https://tagging.wetransfer.com/g/collect,wetransfer.com,page_view,G-0M019DTWVR
https://tagging.wetransfer.com/g/collect,wetransfer.com,timer,G-0M019DTWVR
https://t-antenna.asana.com/g/collect,asana.com,,G-J1KDXMCQTH
https://t-antenna.asana.com/g/collect,asana.com,marketing_event,G-J1KDXMCQTH
https://t-antenna.asana.com/g/collect,asana.com,user_engagement,G-J1KDXMCQTH
https://streaming.bi.owox.com/ga4/9bb752a08674f116753ca5719dda03ed/g/collect,semrush.com,page_view,G-BPNLXP3JQG
https://streaming.bi.owox.com/ga4/9bb752a08674f116753ca5719dda03ed/g/collect,semrush.com,scroll,G-BPNLXP3JQG
https://streaming.bi.owox.com/ga4/9bb752a08674f116753ca5719dda03ed/g/collect,semrush.com,show,G-BPNLXP3JQG
https://pipe-smh.smh.com.au/g/collect,smh.com.au,user_engagement,G-123
https://gtm-cloud-run.mixcloud.com/g/collect,mixcloud.com,page_view,G-F1JH45MWZ3
https://gtm-cloud-run.mixcloud.com/g/collect,mixcloud.com,scroll,G-F1JH45MWZ3
https://gtm-cloud-run.mixcloud.com/g/collect,mixcloud.com,user_engagement,G-F1JH45MWZ3
https://metrics.crunchyroll.com/g/collect,crunchyroll.com,ads_remarketing,G-METRICID
https://metrics.crunchyroll.com/g/collect,crunchyroll.com,fb_view_content,G-METRICID
https://metrics.crunchyroll.com/g/collect,crunchyroll.com,page_view,G-METRICID
https://metrics.crunchyroll.com/g/collect,crunchyroll.com,tiktok_view_content,G-METRICID
https://metrics.crunchyroll.com/g/collect,crunchyroll.com,user_engagement,G-METRICID
:///gcode/ag/g/c,investing.com,digioh_impression,G-C4NDLGKVMK
:///gcode/ag/g/c,investing.com,hp_page_component_viewed,G-C4NDLGKVMK
:///gcode/ag/g/c,investing.com,page_view,G-C4NDLGKVMK
:///gcode/ag/g/c,investing.com,user_engagement,G-C4NDLGKVMK
https://analytics.theglobeandmail.com/g/collect,theglobeandmail.com,page_view,G-QGWR1JXRD2
https://analytics.theglobeandmail.com/g/collect,theglobeandmail.com,scroll,G-QGWR1JXRD2
https://analytics.theglobeandmail.com/g/collect,theglobeandmail.com,user_engagement,G-QGWR1JXRD2
https://sgtm.thetimes.co.uk/g/collect,thetimes.co.uk,ViewContent,G-12345
https://sgtm.thetimes.co.uk/g/collect,thetimes.co.uk,page_view,G-12345
https://sgtm.thetimes.co.uk/g/collect,thetimes.co.uk,user_engagement,G-12345
https://vnt.xhcopy.life/g/collect,xhcopy.life,,G-M59JX8S6QE
:///ycng/ag/g/c,fliphtml5.com,Browser_Version,G-DQQGBZ508R
:///ycng/ag/g/c,fliphtml5.com,gtm_load,G-DQQGBZ508R
:///ycng/ag/g/c,fliphtml5.com,page_view,G-DQQGBZ508R
:///ycng/ag/g/c,fliphtml5.com,user_engagement,G-DQQGBZ508R
https://sst.cookiebot.com/g/collect,cookiebot.com,Homepage Visited,G-WX15RJ0HZZ
https://sst.cookiebot.com/g/collect,cookiebot.com,Other Page Visited,G-WX15RJ0HZZ
https://sst.cookiebot.com/g/collect,cookiebot.com,Scroll Depth,G-WX15RJ0HZZ
https://sst.cookiebot.com/g/collect,cookiebot.com,page_view,G-WX15RJ0HZZ
https://sst.cookiebot.com/g/collect,cookiebot.com,scroll,G-WX15RJ0HZZ
https://sst.cookiebot.com/g/collect,cookiebot.com,user_engagement,G-WX15RJ0HZZ
https://tagging.conde.digital/g/collect,vogue.com,signals_set,G-3XYEH39342
https://tagging.conde.digital/g/collect,vogue.com,user_engagement,G-3XYEH39342
https://sst.usercentrics.com/g/collect,usercentrics.eu,,G-638WWFBXB6
https://sst.usercentrics.com/g/collect,usercentrics.eu,Experiment Started,G-638WWFBXB6
https://sst.usercentrics.com/g/collect,usercentrics.eu,Form Loaded,G-638WWFBXB6
https://sst.usercentrics.com/g/collect,usercentrics.eu,Scroll Depth,G-638WWFBXB6
https://sst.usercentrics.com/g/collect,usercentrics.eu,US Modal Shown,G-638WWFBXB6
https://sst.usercentrics.com/g/collect,usercentrics.eu,page_view,G-638WWFBXB6
https://sst.usercentrics.com/g/collect,usercentrics.eu,scroll,G-638WWFBXB6
https://sst.usercentrics.com/g/collect,usercentrics.eu,user_engagement,G-638WWFBXB6
https://tagging.conde.digital/g/collect,vanityfair.com,signals_set,G-STN5DK87P9
https://tagging.conde.digital/g/collect,vanityfair.com,user_engagement,G-STN5DK87P9
https://metrics.nymag.com/g/collect,nymag.com,,G-DNE38RK1HX
https://rr.getyourguide.com/g/collect,getyourguide.com,page_view,G-RRV2GA4X69
https://www.getyourguide.com/optics/g/collect,getyourguide.com,CQ,G-BJKL76S993
https://www.getyourguide.com/optics/g/collect,getyourguide.com,page_view,G-BJKL76S993
https://www.getyourguide.com/optics/g/collect,getyourguide.com,timed_page_view_3s,G-BJKL76S993
https://www.getyourguide.com/optics/g/collect,getyourguide.com,user_engagement,G-BJKL76S993
https://server-side-tagging-7g44opnfwa-uc.a.run.app/g/collect,mountain.com,page_view,G-56KZKZRLF6
https://server-side-tagging-7g44opnfwa-uc.a.run.app/g/collect,mountain.com,scroll,G-56KZKZRLF6
https://server-side-tagging-7g44opnfwa-uc.a.run.app/g/collect,mountain.com,user_engagement,G-56KZKZRLF6
https://server-side-tagging.mountain.com/g/collect,mountain.com,page_view,G-NBVRENTVL7
https://server-side-tagging.mountain.com/g/collect,mountain.com,scroll,G-NBVRENTVL7
https://server-side-tagging.mountain.com/g/collect,mountain.com,user_engagement,G-NBVRENTVL7
https://www-sst.cosmopolitan.com/g/collect,cosmopolitan.com,CompleteContent_Q1,G-8675309
https://www-sst.cosmopolitan.com/g/collect,cosmopolitan.com,CompleteContent_Q2,G-8675309
https://www-sst.cosmopolitan.com/g/collect,cosmopolitan.com,CompleteContent_Q3,G-8675309
https://www-sst.cosmopolitan.com/g/collect,cosmopolitan.com,PageView,G-8675309
https://www-sst.cosmopolitan.com/g/collect,cosmopolitan.com,ViewContent,G-8675309
https://www-sst.esquire.com/g/collect,esquire.com,CompleteContent_Q1,G-8675309
https://www-sst.esquire.com/g/collect,esquire.com,CompleteContent_Q2,G-8675309
https://www-sst.esquire.com/g/collect,esquire.com,CompleteContent_Q3,G-8675309
https://www-sst.esquire.com/g/collect,esquire.com,CompleteContent_Q4,G-8675309
https://www-sst.esquire.com/g/collect,esquire.com,PageView,G-8675309
https://www-sst.esquire.com/g/collect,esquire.com,ViewContent,G-8675309
https://www-sst.elle.com/g/collect,elle.com,CompleteContent_Q1,G-8675309
https://www-sst.elle.com/g/collect,elle.com,CompleteContent_Q2,G-8675309
https://www-sst.elle.com/g/collect,elle.com,CompleteContent_Q3,G-8675309
https://www-sst.elle.com/g/collect,elle.com,PageView,G-8675309
https://www-sst.elle.com/g/collect,elle.com,ViewContent,G-8675309
https://qm.redbull.com/g/collect,redbull.com,,G-D1TX2XPDND
https://rm.redbull.com/g/collect,redbull.com,,G-PS63E7L3TZ
https://api-services.hootsuite.com/service/server-side-tag-manager/g/collect,hootsuite.com,page_view,G-GG7BCVQZV5
https://api-services.hootsuite.com/service/server-side-tag-manager/g/collect,hootsuite.com,user_engagement,G-GG7BCVQZV5
https://www-sst.goodhousekeeping.com/g/collect,goodhousekeeping.com,CompleteContent_Q1,G-8675309
https://www-sst.goodhousekeeping.com/g/collect,goodhousekeeping.com,CompleteContent_Q2,G-8675309
https://www-sst.goodhousekeeping.com/g/collect,goodhousekeeping.com,CompleteContent_Q3,G-8675309
https://www-sst.goodhousekeeping.com/g/collect,goodhousekeeping.com,CompleteContent_Q4,G-8675309
https://www-sst.goodhousekeeping.com/g/collect,goodhousekeeping.com,PageView,G-8675309
https://www-sst.goodhousekeeping.com/g/collect,goodhousekeeping.com,ViewContent,G-8675309
https://sgtm-tagging-gom3uauwma-uc.a.run.app/g/collect,chron.com,user_engagement,G-2NPPNEW2GM
https://s2s.theiconic.com.au/g/collect,theiconic.com.au,,G-MCXM5FKQRW
https://s2s.theiconic.com.au/g/collect,theiconic.com.au,ViewCategory,G-MCXM5FKQRW
https://s2s.theiconic.com.au/g/collect,theiconic.com.au,page_view,G-MCXM5FKQRW
https://s2s.theiconic.com.au/g/collect,theiconic.com.au,partnerize_page_view,G-MCXM5FKQRW
https://s2s.theiconic.com.au/g/collect,theiconic.com.au,view_promotion,G-MCXM5FKQRW
https://gtm.houzz.com/g/collect,houzz.com,houzz_mpl_pageview,G-7F8SG9Q8EB
https://gtm.houzz.com/g/collect,houzz.com,houzz_page_view,G-7F8SG9Q8EB
https://gtm.houzz.com/g/collect,houzz.com,page_url,G-7F8SG9Q8EB
https://gtm.houzz.com/g/collect,houzz.com,page_view,G-7F8SG9Q8EB
https://sgtm.userway.org/g/collect,userway.org,cid_enrichment,G-K4PJ97LMKJ
https://sgtm.userway.org/g/collect,userway.org,page_view,G-K4PJ97LMKJ
https://sgtm.userway.org/g/collect,userway.org,uid_enrichment,G-K4PJ97LMKJ
https://analytics-gtm.redbubble.com/g/collect,redbubble.com,,G-QB79Q66SYP
https://analytics-gtm.redbubble.com/g/collect,redbubble.com,FCP,G-QB79Q66SYP
https://analytics-gtm.redbubble.com/g/collect,redbubble.com,TTFB,G-QB79Q66SYP
https://analytics-gtm.redbubble.com/g/collect,redbubble.com,page_view,G-QB79Q66SYP
https://analytics-gtm.redbubble.com/g/collect,redbubble.com,scroll,G-QB79Q66SYP
https://analytics-gtm.redbubble.com/g/collect,redbubble.com,user_engagement,G-QB79Q66SYP
https://analytics-gtm.redbubble.com/g/collect,redbubble.com,view_item,G-QB79Q66SYP
https://analytics-gtm.redbubble.com/g/collect,redbubble.com,view_item_list,G-QB79Q66SYP
https://analytics-gtm.redbubble.com/g/collect,redbubble.com,view_promotion,G-QB79Q66SYP
https://dna-analytics.xero.com/g/collect,xero.com,page_view,G-F8KKRF65EJ
https://testserver.mito.hu/g/collect,nokia.com,page_view,G-D6GE5QF247
https://testserver.mito.hu/g/collect,nokia.com,scroll,G-D6GE5QF247
https://testserver.mito.hu/g/collect,nokia.com,user_engagement,G-D6GE5QF247
https://testserver.mito.hu/g/collect,nokia.com,web_engagement,G-D6GE5QF247
https://gtm-ptffzfts-otq1z.uc.r.appspot.com/g/collect,intelbras.com.br,page_view,G-KL54NQ1NFN
https://gtm-ptffzfts-otq1z.uc.r.appspot.com/g/collect,intelbras.com.br,scroll,G-KL54NQ1NFN
https://tagweb.straitstimes.com/g/collect,straitstimes.com,ViewContent,G-MQEMTJBF6J
https://tagweb.straitstimes.com/g/collect,straitstimes.com,ad_impression,G-MQEMTJBF6J
https://tagweb.straitstimes.com/g/collect,straitstimes.com,page_view,G-MQEMTJBF6J
https://tagweb.straitstimes.com/g/collect,straitstimes.com,user_engagement,G-MQEMTJBF6J
https://vnt.xhamster.com/g/collect,globalxh.site,,G-M59JX8S6QE
https://vnt.xhamster.com/g/collect,,,G-M59JX8S6QE
https://vnt.xhamster.com/g/collect,,,G-M59JX8S6QE
https://sgtm.splunk.com/g/collect,splunkcloud.com,,G-5EPM2P39FV
https://sgtm.splunk.com/g/collect,splunkcloud.com,CLS,G-5EPM2P39FV
https://sgtm.splunk.com/g/collect,splunkcloud.com,LCP,G-5EPM2P39FV
https://sgtm.splunk.com/g/collect,splunkcloud.com,page_load_time,G-5EPM2P39FV
https://sgtm.splunk.com/g/collect,splunkcloud.com,page_view,G-5EPM2P39FV
https://sgtm.splunk.com/g/collect,splunkcloud.com,scroll,G-5EPM2P39FV
https://gfbd8494-tc3e-mcf3.asos.com/g/collect,asos.com,,G-H5HS29D9X2
https://gfbd8494-tc3e-mcf3.asos.com/g/collect,asos.com,page_view,G-H5HS29D9X2
https://gfbd8494-tc3e-mcf3.asos.com/g/collect,asos.com,scroll,G-H5HS29D9X2
https://gfbd8494-tc3e-mcf3.asos.com/g/collect,asos.com,user_engagement,G-H5HS29D9X2
https://gtm.zara.com/g/collect,zara.com,pageview,G-NOTFORGA4TRACKING
https://gtm.zara.com/g/collect,zara.com,user_engagement,G-NOTFORGA4TRACKING
https://sstm.tesco.com/g/collect,tesco.com,page_view,G-33B19D36CY
https://sstm.tesco.com/g/collect,tesco.com,user_engagement,G-33B19D36CY
https://sst-nordic.greenpeace.org/g/collect,greenpeace.org,page_view,G-E61MF51H8R
https://sst.greenpeace.org/g/collect,greenpeace.org,page_view,G-94MRTN8HG4
https://sst.greenpeace.org/g/collect,greenpeace.org,scroll_depth,G-94MRTN8HG4
https://sst.statefarm.com/g/collect,statefarm.com,Homepage_LP_Stand_Main,G-3WRNTYXP84
https://sst.statefarm.com/g/collect,statefarm.com,page_view,G-3WRNTYXP84
https://sst.statefarm.com/g/collect,statefarm.com,scroll,G-3WRNTYXP84
https://sst.statefarm.com/g/collect,statefarm.com,user_engagement,G-3WRNTYXP84
https://sst.hrw.org/anonymize/g/collect,hrw.org,page_view,G-8G7WH8R2Z8
https://sst.hrw.org/anonymize/g/collect,hrw.org,scroll,G-8G7WH8R2Z8
https://sst.hrw.org/anonymize/g/collect,hrw.org,user_engagement,G-8G7WH8R2Z8
https://sgtm.arduino.cc/g/collect,arduino.cc,page_view,G-NEXN8H46L5
https://sgtm.arduino.cc/g/collect,arduino.cc,scroll,G-NEXN8H46L5
https://sgtm.arduino.cc/g/collect,arduino.cc,user_engagement,G-NEXN8H46L5
https://sgtm.thetimes.co.uk/g/collect,thetimes.com,ViewContent,G-12345
https://sgtm.thetimes.co.uk/g/collect,thetimes.com,page_view,G-12345
https://sgtm.thetimes.co.uk/g/collect,thetimes.com,user_engagement,G-12345
https://sgtm-amer.hubspot.com/g/collect,hubspot.net,page_view,G-X
https://sgtm-amer.hubspot.com/g/collect,hubspot.net,user_engagement,G-X
https://www-sst.menshealth.com/g/collect,menshealth.com,CompleteContent_Q1,G-8675309
https://www-sst.menshealth.com/g/collect,menshealth.com,CompleteContent_Q2,G-8675309
https://www-sst.menshealth.com/g/collect,menshealth.com,CompleteContent_Q3,G-8675309
https://www-sst.menshealth.com/g/collect,menshealth.com,PageView,G-8675309
https://www-sst.menshealth.com/g/collect,menshealth.com,ViewContent,G-8675309
https://www-sst.popularmechanics.com/g/collect,popularmechanics.com,CompleteContent_Q1,G-8675309
https://www-sst.popularmechanics.com/g/collect,popularmechanics.com,CompleteContent_Q2,G-8675309
https://www-sst.popularmechanics.com/g/collect,popularmechanics.com,PageView,G-8675309
https://www-sst.popularmechanics.com/g/collect,popularmechanics.com,ViewContent,G-8675309
https://data.cengage.com/g/collect,cengage.com,page_view,G-123456789
https://data.cengage.com/g/collect,cengage.com,sc_pageview,G-123456789
https://data.cengage.com/g/collect,cengage.com,user_engagement,G-123456789
https://www-sst.harpersbazaar.com/g/collect,harpersbazaar.com,CompleteContent_Q1,G-8675309
https://www-sst.harpersbazaar.com/g/collect,harpersbazaar.com,CompleteContent_Q2,G-8675309
https://www-sst.harpersbazaar.com/g/collect,harpersbazaar.com,CompleteContent_Q3,G-8675309
https://www-sst.harpersbazaar.com/g/collect,harpersbazaar.com,CompleteContent_Q4,G-8675309
https://www-sst.harpersbazaar.com/g/collect,harpersbazaar.com,PageView,G-8675309
https://www-sst.harpersbazaar.com/g/collect,harpersbazaar.com,ViewContent,G-8675309
https://ti.monday.com/g/collect,monday.com,page_view,G-303DY21FDW
https://ti.monday.com/g/collect,monday.com,scroll,G-303DY21FDW
https://ti.monday.com/g/collect,monday.com,user_engagement,G-303DY21FDW
https://analytics.moovitapp.com/g/collect,moovitapp.com,page_view,G-BXEN30Q9C7
https://analytics.moovitapp.com/g/collect,moovitapp.com,page_view,G-WJGSXBP16Y
https://analytics.moovitapp.com/g/collect,moovitapp.com,scroll,G-BXEN30Q9C7
https://analytics.moovitapp.com/g/collect,moovitapp.com,scroll,G-WJGSXBP16Y
https://analytics.moovitapp.com/g/collect,moovitapp.com,user_engagement,G-BXEN30Q9C7
https://analytics.moovitapp.com/g/collect,moovitapp.com,user_engagement,G-WJGSXBP16Y
https://sst.kbb.com/g/collect,kbb.com,,G-NPRVVBXJQV
https://sst.kbb.com/g/collect,kbb.com,user_engagement,G-NPRVVBXJQV
https://www-sst.caranddriver.com/g/collect,caranddriver.com,CompleteContent_Q1,G-8675309
https://www-sst.caranddriver.com/g/collect,caranddriver.com,CompleteContent_Q2,G-8675309
https://www-sst.caranddriver.com/g/collect,caranddriver.com,CompleteContent_Q3,G-8675309
https://www-sst.caranddriver.com/g/collect,caranddriver.com,CompleteContent_Q4,G-8675309
https://www-sst.caranddriver.com/g/collect,caranddriver.com,PageView,G-8675309
https://www-sst.caranddriver.com/g/collect,caranddriver.com,ViewContent,G-8675309
https://api-sgtm.nordstrom.com/g/collect,nordstrom.com,page_view,G-11111111
https://api-sgtm.nordstrom.com/g/collect,nordstrom.com,user_engagement,G-11111111
https://gtm.coca-cola.com/g/collect,coca-cola.com,,G-64WQLHS3QK
https://sgtm.splunk.com/g/collect,splunk.com,,G-5EPM2P39FV
https://sgtm.splunk.com/g/collect,splunk.com,6si_company_details_loaded,G-5EPM2P39FV
https://sgtm.splunk.com/g/collect,splunk.com,CLS,G-5EPM2P39FV
https://sgtm.splunk.com/g/collect,splunk.com,LCP,G-5EPM2P39FV
https://sgtm.splunk.com/g/collect,splunk.com,page_load_time,G-5EPM2P39FV
https://sgtm.splunk.com/g/collect,splunk.com,page_view,G-5EPM2P39FV
https://sgtm.splunk.com/g/collect,splunk.com,scroll,G-5EPM2P39FV
https://gtm.quillbot.com/g/collect,quillbot.com,homepage_view,G-D39F2PYGLM
https://gtm.quillbot.com/g/collect,quillbot.com,page_view,G-D39F2PYGLM
https://ml42.hosting.com/g/collect,a2hosting.com,page_view,G-NQGX36KM3S
https://ml42.hosting.com/g/collect,a2hosting.com,scroll,G-NQGX36KM3S
https://ml42.hosting.com/g/collect,a2hosting.com,user_engagement,G-NQGX36KM3S
https://tagging.conde.digital/g/collect,gq.com,signals_set,G-DHXKS5XBYH
https://tagging.conde.digital/g/collect,gq.com,user_engagement,G-DHXKS5XBYH
https://ssgtm.popsci.com/g/collect,popsci.com,newsletter_impression,G-P9C278278B
https://ssgtm.popsci.com/g/collect,popsci.com,page_view,G-P9C278278B
https://ssgtm.popsci.com/g/collect,popsci.com,scroll,G-P9C278278B
https://ssgtm.popsci.com/g/collect,popsci.com,user_engagement,G-P9C278278B
https://tm.arlo.com/g/collect,arlo.com,fetch_data,G-6E0VHMEE97
https://tm.arlo.com/g/collect,arlo.com,page_view,G-6E0VHMEE97
https://sgtm.dhgate.com/g/collect,dhgate.com,,G-C2MZQP921B
https://sgtm.dhgate.com/g/collect,dhgate.com,page_view,G-C2MZQP921B
https://sgtm.dhgate.com/g/collect,dhgate.com,user_engagement,G-C2MZQP921B
https://analytics.bedbathandbeyond.com/g/collect,bedbathandbeyond.com,Web Vitals - CLS,G-8MPQ3CZZFH
https://analytics.bedbathandbeyond.com/g/collect,bedbathandbeyond.com,Web Vitals - LCP,G-8MPQ3CZZFH
https://analytics.bedbathandbeyond.com/g/collect,bedbathandbeyond.com,page_view,G-8MPQ3CZZFH
https://analytics.bedbathandbeyond.com/g/collect,bedbathandbeyond.com,scroll,G-8MPQ3CZZFH
https://analytics.bedbathandbeyond.com/g/collect,bedbathandbeyond.com,view_promotion,G-8MPQ3CZZFH
https://gtm.similarweb.com/g/collect,similarweb.com,page_view,G-V5DSP51YD0
https://gtm.similarweb.com/g/collect,similarweb.com,scroll,G-V5DSP51YD0
https://gtm.similarweb.com/g/collect,similarweb.com,user_engagement,G-V5DSP51YD0
https://container.easyjet.com/g/collect,easyjet.com,page_view,G-123136L579
https://container.easyjet.com/g/collect,easyjet.com,page_view,G-PQDTDMVPWH
https://testserver.mito.hu/g/collect,bell-labs.com,consent_update_pageview,G-D6GE5QF247
https://testserver.mito.hu/g/collect,bell-labs.com,page_view,G-D6GE5QF247
https://testserver.mito.hu/g/collect,bell-labs.com,scroll,G-D6GE5QF247
https://testserver.mito.hu/g/collect,bell-labs.com,user_engagement,G-D6GE5QF247
https://testserver.mito.hu/g/collect,bell-labs.com,web_engagement,G-D6GE5QF247
https://metrics.brevo.com/g/collect,brevo.com,Bigquery_pageviews,G-V8SFL2N220
https://metrics.brevo.com/g/collect,brevo.com,NavigationCTA,G-V8SFL2N220
https://metrics.brevo.com/g/collect,brevo.com,page_view,G-V8SFL2N220
https://metrics.brevo.com/g/collect,brevo.com,scroll,G-V8SFL2N220
https://metrics.brevo.com/g/collect,brevo.com,user_engagement,G-V8SFL2N220
https://api-services.hootsuite.com/service/server-side-tag-manager/g/collect,ow.ly,page_view,G-GG7BCVQZV5
https://api-services.hootsuite.com/service/server-side-tag-manager/g/collect,ow.ly,user_engagement,G-GG7BCVQZV5
https://analytics.abtasty.com/g/collect,abtasty.com,middle_of_funnel,G-STQYFE1KEQ
https://analytics.abtasty.com/g/collect,abtasty.com,page_view,G-STQYFE1KEQ
https://analytics.abtasty.com/g/collect,abtasty.com,scroll,G-STQYFE1KEQ
https://analytics.abtasty.com/g/collect,abtasty.com,user_engagement,G-STQYFE1KEQ
https://www.bbcgoodfood.com/api/gtm/g/collect,bbcgoodfood.com,page_view,G-DVDVDHZWPB
https://www.bbcgoodfood.com/api/gtm/g/collect,bbcgoodfood.com,user_engagement,G-DVDVDHZWPB
https://gtm.groupon.com/tag/g/collect,groupon.com,page_view,G-TW2CBMFZ20
https://gtm.groupon.com/tag/g/collect,groupon.com,scroll,G-TW2CBMFZ20
https://gtm.groupon.com/tag/g/collect,groupon.com,user_engagement,G-TW2CBMFZ20
https://gtm.groupon.com/tag/g/collect,groupon.com,view_promotion,G-TW2CBMFZ20
https://ssgtm.trac.i3.dmm.com/g/collect,dmm.com,,G-KQYE0DE5JW
https://ssgtm.trac.i3.dmm.com/g/collect,dmm.com,page_view,G-KQYE0DE5JW
https://ssgtm.trac.i3.dmm.com/g/collect,dmm.com,timing,G-KQYE0DE5JW
https://ssgtm.trac.i3.dmm.com/g/collect,dmm.com,user_engagement,G-KQYE0DE5JW
https://ssgtm.trac.i3.dmm.com/g/collect,dmm.com,view_common,G-KQYE0DE5JW
https://ssgtm.trac.i3.dmm.com/g/collect,dmm.com,view_item_list,G-KQYE0DE5JW
https://ssgtm.trac.i3.dmm.com/g/collect,dmm.com,view_promotion,G-KQYE0DE5JW
https://metrics.withings.com/fnr90q,withings.net,page_view,G-BW1WZD42RQ
https://metrics.withings.com/fnr90q,withings.net,scroll,G-BW1WZD42RQ
https://metrics.withings.com/fnr90q,withings.net,scroll,G-BY6EQKF0Y1
https://metrics.withings.com/fnr90q,withings.net,user_engagement,G-BW1WZD42RQ
https://metrics.withings.com/fnr90q,withings.net,user_engagement,G-BY6EQKF0Y1
:///ko40/ga/g/c,mercari.com,page_view,G-DJ5N7E6D07
:///ko40/ga/g/c,mercari.com,scroll,G-DJ5N7E6D07
:///ko40/ga/g/c,mercari.com,user_engagement,G-DJ5N7E6D07
:///ko40/ga/g/c,mercari.com,view_item,G-DJ5N7E6D07
https://ssgtm.techsmith.com/g/collect,techsmith.com,page_view,G-MBF97VE6DL
https://ssgtm.techsmith.com/g/collect,techsmith.com,scroll,G-MBF97VE6DL
https://ssgtm.techsmith.com/g/collect,techsmith.com,user_engagement,G-MBF97VE6DL
https://ssgtm.techsmith.com/g/collect,techsmith.com,vwo_experience_impression,G-MBF97VE6DL
https://tags.next.co.uk/g/collect,next.co.uk,page_view,G-0MCQTK8RLH
https://tags.next.co.uk/g/collect,next.co.uk,user_engagement,G-0MCQTK8RLH
https://scirtem.onewegg.com/g/collect,newegg.com,page_view,G-TR46GG8HLR
https://scirtem.onewegg.com/g/collect,newegg.com,user_engagement,G-TR46GG8HLR
https://analytics.ajax.systems/g/collect,ajax.systems,page_view,G-DFE4XTFKJQ
https://analytics.ajax.systems/g/collect,ajax.systems,user_engagement,G-DFE4XTFKJQ
https://g.vecteezy.com/g/collect,vecteezy.com,page_view,G-NPD8287EHK
https://g.vecteezy.com/g/collect,vecteezy.com,user_engagement,G-NPD8287EHK
https://www.pdffiller.com/mtrcs/g/collect,pdffiller.com,main_page,G-P4FNBN6SJM
https://www.pdffiller.com/mtrcs/g/collect,pdffiller.com,page_view,G-P4FNBN6SJM
https://www.pdffiller.com/mtrcs/g/collect,pdffiller.com,user_engagement,G-P4FNBN6SJM
https://api-dev.marksandspencer.com/onward-journeys/events/g/collect,marksandspencer.com,page_view,G-G97CBJTXPH
https://api-dev.marksandspencer.com/onward-journeys/events/g/collect,marksandspencer.com,scroll,G-G97CBJTXPH
https://api-dev.marksandspencer.com/onward-journeys/events/g/collect,marksandspencer.com,user_engagement,G-G97CBJTXPH
https://www-sst.womenshealthmag.com/g/collect,womenshealthmag.com,CompleteContent_Q1,G-8675309
https://www-sst.womenshealthmag.com/g/collect,womenshealthmag.com,CompleteContent_Q2,G-8675309
https://www-sst.womenshealthmag.com/g/collect,womenshealthmag.com,CompleteContent_Q3,G-8675309
https://www-sst.womenshealthmag.com/g/collect,womenshealthmag.com,CompleteContent_Q4,G-8675309
https://www-sst.womenshealthmag.com/g/collect,womenshealthmag.com,PageView,G-8675309
https://www-sst.womenshealthmag.com/g/collect,womenshealthmag.com,ViewContent,G-8675309
https://sgtm.sky.it/g/collect,sky.it,fl_event,G-RWMN51KW03
https://sgtm.sky.it/g/collect,sky.it,page_view,G-RWMN51KW03
https://tagging.conde.digital/g/collect,self.com,signals_set,G-HQELDYG18X
https://tagging.conde.digital/g/collect,self.com,user_engagement,G-HQELDYG18X
https://www.skyscanner.com/g/tagging/g/collect,skyscanner.net,banana_homepage_loaded,G-XEEM7L2YCB
https://www.skyscanner.com/g/tagging/g/collect,skyscanner.net,page_view,G-XEEM7L2YCB
https://www.skyscanner.com/g/tagging/g/collect,skyscanner.net,seo_landing_page_event,G-XEEM7L2YCB
https://www.skyscanner.com/g/tagging/g/collect,skyscanner.net,user_engagement,G-XEEM7L2YCB
https://server-side-tagging-467905025565.us-central1.run.app/g/collect,cars.com,page_view,G-0SVYF8BFF1
https://server-side-tagging-467905025565.us-central1.run.app/g/collect,cars.com,user_engagement,G-0SVYF8BFF1
https://sst.livechat.com/g/collect,livechat.com,page_view,G-RQYQC70KNS
https://sst.livechat.com/g/collect,livechat.com,user_engagement,G-RQYQC70KNS
https://tagging.conde.digital/g/collect,architecturaldigest.com,signals_set,G-Y3QT9M0CRR
https://tagging.conde.digital/g/collect,architecturaldigest.com,user_engagement,G-Y3QT9M0CRR
https://mailerlite.com/tag/g/collect,mailerlite.com,page_view,G-CLV4Y1FYZL
https://mailerlite.com/tag/g/collect,mailerlite.com,user_engagement,G-CLV4Y1FYZL
https://gtm.everydayhealth.com/g/collect,everydayhealth.com,ad_impression,G-RTC92QK61W
https://gtm.everydayhealth.com/g/collect,everydayhealth.com,adblocker_not_blocked,G-RTC92QK61W
https://gtm.everydayhealth.com/g/collect,everydayhealth.com,load,G-RTC92QK61W
https://gtm.everydayhealth.com/g/collect,everydayhealth.com,page_view,G-RTC92QK61W
https://gtm.everydayhealth.com/g/collect,everydayhealth.com,scroll,G-RTC92QK61W
https://gtm.everydayhealth.com/g/collect,everydayhealth.com,scroll_depth_100%,G-RTC92QK61W
https://gtm.everydayhealth.com/g/collect,everydayhealth.com,scroll_depth_20%,G-RTC92QK61W
https://gtm.everydayhealth.com/g/collect,everydayhealth.com,scroll_depth_40%,G-RTC92QK61W
https://gtm.everydayhealth.com/g/collect,everydayhealth.com,scroll_depth_60%,G-RTC92QK61W
https://gtm.everydayhealth.com/g/collect,everydayhealth.com,scroll_depth_80%,G-RTC92QK61W
https://gtm.everydayhealth.com/g/collect,everydayhealth.com,user_engagement,G-RTC92QK61W
https://gtm.everydayhealth.com/g/collect,everydayhealth.com,video_player_load,G-RTC92QK61W
https://track.iinet.net.au/g/collect,iinet.net.au,ss_hashing,G-0000000000
https://servertag.nespresso.com/g/collect,nespresso.com,global_ux_ui_fe_features,G-LWJHX32DJL
https://servertag.nespresso.com/g/collect,nespresso.com,local_event,G-LWJHX32DJL
https://servertag.nespresso.com/g/collect,nespresso.com,page_builder_component_interaction,G-LWJHX32DJL
https://servertag.nespresso.com/g/collect,nespresso.com,page_view,G-LWJHX32DJL
https://servertag.nespresso.com/g/collect,nespresso.com,scroll,G-LWJHX32DJL
https://servertag.nespresso.com/g/collect,nespresso.com,user_engagement,G-LWJHX32DJL
https://servertag.nespresso.com/g/collect,nespresso.com,view_item,G-LWJHX32DJL
https://servertag.nespresso.com/g/collect,nespresso.com,view_item_list,G-LWJHX32DJL
https://servertag.nespresso.com/g/collect,nespresso.com,view_promotion,G-LWJHX32DJL
:///gmetrics/realty/ag/g/c,farpost.ru,page_view,G-G0RWKN84TQ
:///gmetrics/realty/ga/g/c,farpost.ru,page_view,G-98VH35E9J1
:///gmetrics/realty/ga/g/c,farpost.ru,viewdir,G-98VH35E9J1
https://server-side-tagging-agl2jup2aa-uc.a.run.app/g/collect,mobileiron.com,page_view,G-XHSMVKZVYQ
https://server-side-tagging-agl2jup2aa-uc.a.run.app/g/collect,mobileiron.com,scroll,G-XHSMVKZVYQ
https://server-side-tagging-agl2jup2aa-uc.a.run.app/g/collect,mobileiron.com,scroll_depth,G-XHSMVKZVYQ
https://server-side-tagging-agl2jup2aa-uc.a.run.app/g/collect,mobileiron.com,scroll_max,G-XHSMVKZVYQ
https://gtm.elementor.com/g/collect,elementor.com,cookie_bot,G-TMWL2JHCX9
https://gtm.elementor.com/g/collect,elementor.com,fb_capi,G-TMWL2JHCX9
https://gtm.elementor.com/g/collect,elementor.com,page_load_time,G-TMWL2JHCX9
https://gtm.elementor.com/g/collect,elementor.com,page_view,G-TMWL2JHCX9
https://gtm.elementor.com/g/collect,elementor.com,scroll,G-TMWL2JHCX9
https://gtm.elementor.com/g/collect,elementor.com,user_engagement,G-TMWL2JHCX9
https://analytics.gitlab.com/g/collect,gitlab.io,6sense_loaded,G-ENFH3X7M5Y
https://analytics.gitlab.com/g/collect,gitlab.io,page_view,G-ENFH3X7M5Y
https://analytics.gitlab.com/g/collect,gitlab.io,page_view,G-EVTFNG2S5Z
https://analytics.gitlab.com/g/collect,gitlab.io,scroll_depth_25,G-ENFH3X7M5Y
https://analytics.gitlab.com/g/collect,gitlab.io,scroll_depth_50,G-ENFH3X7M5Y
https://analytics.gitlab.com/g/collect,gitlab.io,scroll_depth_75,G-ENFH3X7M5Y
https://analytics.gitlab.com/g/collect,gitlab.io,user_engagement,G-ENFH3X7M5Y
https://analytics.gitlab.com/g/collect,gitlab.io,user_engagement,G-EVTFNG2S5Z
https://us-tagging.volvocars.com/g/collect,volvocars.com,custom_event,G-73WLWG7342
https://us-tagging.volvocars.com/g/collect,volvocars.com,learn,G-73WLWG7342
https://us-tagging.volvocars.com/g/collect,volvocars.com,page_view,G-73WLWG7342
https://us-tagging.volvocars.com/g/collect,volvocars.com,scroll,G-73WLWG7342
https://us-tagging.volvocars.com/g/collect,volvocars.com,user_engagement,G-73WLWG7342
https://www.kayak.com/g/collect,kayak.com,page_view,G-PWCRSK2Y5Y
https://www.kayak.com/g/collect,kayak.com,scroll,G-PWCRSK2Y5Y
https://sst.20min.ch/g/collect,20min.ch,,G-85DW9RPHKP
https://sst.20min.ch/g/collect,20min.ch,ad_impression,G-85DW9RPHKP
https://sst.20min.ch/g/collect,20min.ch,page_view,G-85DW9RPHKP
https://sst.20min.ch/g/collect,20min.ch,view_content_fb,G-85DW9RPHKP
https://sst.20min.ch/g/collect,20min.ch,view_item_list,G-85DW9RPHKP
https://opgg-pdc.our.gg/lolweb/g/collect,op.gg,op_click,G-HG9DB5ECL8
https://opgg-pdc.our.gg/lolweb/g/collect,op.gg,op_page_view,G-HG9DB5ECL8
https://opgg-pdc.our.gg/lolweb/g/collect,op.gg,page_view,G-HG9DB5ECL8
https://opgg-pdc.our.gg/lolweb/g/collect,op.gg,scroll,G-HG9DB5ECL8
https://opgg-pdc.our.gg/lolweb/g/collect,op.gg,user_engagement,G-HG9DB5ECL8
https://opgg-pdc.our.gg/member/g/collect,op.gg,op_page_view,G-XE7Z66Y4W8
https://opgg-pdc.our.gg/member/g/collect,op.gg,page_view,G-XE7Z66Y4W8
https://tagging.conde.digital/g/collect,cntraveler.com,signals_set,G-PXNY1HKJDG
https://tagging.conde.digital/g/collect,cntraveler.com,user_engagement,G-PXNY1HKJDG
https://gsst.moma.org/g/collect,moma.org,page_view,G-9QE7QKTBJH
https://gsst.moma.org/g/collect,moma.org,scroll,G-9QE7QKTBJH
https://gsst.moma.org/g/collect,moma.org,user_engagement,G-9QE7QKTBJH
https://gtms.elcorteingles.es/g/collect,elcorteingles.es,,G-12345
https://gtms.elcorteingles.es/g/collect,elcorteingles.es,adwords_page_view,G-12345
https://gtms.elcorteingles.es/g/collect,elcorteingles.es,bing_page_view,G-12345
https://measure.sanity.io/g/collect,sanity.io,page_view,G-K7J41TW619
https://measure.sanity.io/g/collect,sanity.io,scroll,G-K7J41TW619
https://measure.sanity.io/g/collect,sanity.io,user_engagement,G-K7J41TW619
https://gtmserverside.eluniversal.com.mx/g/collect,eluniversal.com.mx,page_view,G-72XJ7YY0JT
https://gtmserverside.eluniversal.com.mx/g/collect,eluniversal.com.mx,scroll,G-72XJ7YY0JT
https://gtmserverside.eluniversal.com.mx/g/collect,eluniversal.com.mx,user_engagement,G-72XJ7YY0JT
https://tagging.mkt.zappos.com/g/collect,zappos.com,home,G-8VWCJY5CWM
https://tagging.mkt.zappos.com/g/collect,zappos.com,page_view,G-8VWCJY5CWM
https://tagging.mkt.zappos.com/g/collect,zappos.com,user_engagement,G-8VWCJY5CWM
https://tagging.mkt.zappos.com/g/collect,zappos.com,view_item,G-8VWCJY5CWM
https://collect.sumup.com/g/collect,sumup.com,page_view,G-W85B32FNHB
https://collect.sumup.com/g/collect,sumup.com,scroll,G-W85B32FNHB
https://collect.sumup.com/g/collect,sumup.com,user_engagement,G-W85B32FNHB
https://server-side-tagging-h6qyp6ez7a-uc.a.run.app/g/collect,earnest.com,catch_all,G-7EFBY99XPT
https://server-side-tagging-h6qyp6ez7a-uc.a.run.app/g/collect,earnest.com,page_view,G-7EFBY99XPT
https://server-side-tagging-h6qyp6ez7a-uc.a.run.app/g/collect,earnest.com,scroll,G-7EFBY99XPT
https://server-side-tagging-h6qyp6ez7a-uc.a.run.app/g/collect,earnest.com,user_engagement,G-7EFBY99XPT
https://tagging.conde.digital/g/collect,wired.co.uk,signals_set,G-D4708NJLD1
:///gtm/ag/g/c,zazzle.com,,G-FMN87GXWKG
:///gtm/ag/g/c,zazzle.com,pagescroll,G-FMN87GXWKG
:///gtm/ag/g/c,zazzle.com,scroll,G-FMN87GXWKG
https://gtm-server-side-midia-prod-cthqdrhrsa-tl.a.run.app/g/collect,casasbahia.com.br,,G-SGTM
https://gtm-server-side-midia-prod-cthqdrhrsa-tl.a.run.app/g/collect,casasbahia.com.br,page_view,G-SGTM
https://tm.skechers.com/g/collect,skechers.com,ga4_pageview,G-1234567890
https://ss.getjobber.com/g/collect,getjobber.com,gads_remarketing_mcc,G-6ZHLMM3S38
https://ss.getjobber.com/g/collect,getjobber.com,page_view,G-6ZHLMM3S38
https://ss.getjobber.com/g/collect,getjobber.com,user_engagement,G-6ZHLMM3S38
https://hiheyuzm.euq.stape.net/g/collect,nominaltechno.com,user_engagement,G-XXXXXXXXXX
https://server-side-tagging-h3sa2x4bfa-uc.a.run.app/g/collect,inquirer.com,page_view,G-8ER3Q26BL0
https://server-side-tagging-h3sa2x4bfa-uc.a.run.app/g/collect,inquirer.com,user_engagement,G-8ER3Q26BL0
https://sst.swarovski.com/g/collect,swarovski.com,,G-M17MSKHWJN
https://sst.swarovski.com/g/collect,swarovski.com,page_view,G-M17MSKHWJN
https://sst.swarovski.com/g/collect,swarovski.com,user_engagement,G-M17MSKHWJN
https://tagging.conde.digital/g/collect,glamour.com,signals_set,G-LNZC77NGN6
https://tagging.conde.digital/g/collect,glamour.com,user_engagement,G-LNZC77NGN6
https://cat.justanswer.com/g/collect,justanswer.com,ask_us_anything_view,G-YVR58N9NM0
https://cat.justanswer.com/g/collect,justanswer.com,chat_show,G-YVR58N9NM0
https://cat.justanswer.com/g/collect,justanswer.com,marketing_reinforcement_view,G-YVR58N9NM0
https://cat.justanswer.com/g/collect,justanswer.com,meet_the_experts_view,G-YVR58N9NM0
https://cat.justanswer.com/g/collect,justanswer.com,page_was_scrolled_to_end_view,G-YVR58N9NM0
https://cat.justanswer.com/g/collect,justanswer.com,scroll,G-YVR58N9NM0
https://cat.justanswer.com/g/collect,justanswer.com,user_engagement,G-YVR58N9NM0
https://cat.justanswer.com/g/collect,justanswer.com,web_vitals,G-YVR58N9NM0
https://prd.analytics.goodrx.com/g/collect,goodrx.com,page_view,G-D5RW534PMR
https://www.kijiji.ca/measure/g/collect,kijiji.ca,,G-6K6G8FC6FZ
https://www.kijiji.ca/measure/g/collect,kijiji.ca,PSALoaded,G-6K6G8FC6FZ
https://www.kijiji.ca/measure/g/collect,kijiji.ca,ad_impression,G-6K6G8FC6FZ
https://www.kijiji.ca/measure/g/collect,kijiji.ca,fb_trackSingle_PageView,G-6K6G8FC6FZ
https://www.kijiji.ca/measure/g/collect,kijiji.ca,page_view,G-6K6G8FC6FZ
https://www.kijiji.ca/measure/g/collect,kijiji.ca,user_engagement,G-6K6G8FC6FZ
https://www.kijiji.ca/measure/g/collect,kijiji.ca,view_promotion,G-6K6G8FC6FZ
https://tagmgr.monster.com/g/collect,monster.com,home_page_view,G-1234567890
https://tagmgr.monster.com/g/collect,monster.com,page_view,G-1234567890
https://tagmgr.monster.com/g/collect,monster.com,user_engagement,G-1234567890
https://stm.puma.com/g/collect,puma.com,,G-BD2CHD3FVE
https://stm.puma.com/g/collect,puma.com,page_view,G-BD2CHD3FVE
https://stm.puma.com/g/collect,puma.com,scroll,G-BD2CHD3FVE
https://stm.puma.com/g/collect,puma.com,tags_ready,G-BD2CHD3FVE
https://stm.puma.com/g/collect,puma.com,user_engagement,G-BD2CHD3FVE
https://stm.puma.com/g/collect,puma.com,view_promotion,G-BD2CHD3FVE
https://xp.so-net.ne.jp/g/collect,so-net.ne.jp,page_view,G-FFF2L11TTY
https://xp.so-net.ne.jp/g/collect,so-net.ne.jp,scroll,G-FFF2L11TTY
https://xp.so-net.ne.jp/g/collect,so-net.ne.jp,user_engagement,G-FFF2L11TTY
https://analytics.se.com/g/collect,se.com,,G-MXD394MGXR
https://metrics.vulture.com/g/collect,vulture.com,,G-DNE38RK1HX
https://pipe-theage.theage.com.au/g/collect,theage.com.au,user_engagement,G-123
https://collect.invisalign.com/g/collect,invisalign.com,page_view,G-1Q1Y2MFQ96
https://collect.invisalign.com/g/collect,invisalign.com,user_engagement,G-1Q1Y2MFQ96
https://tagging.wetransfer.com/g/collect,we.tl,page_view,G-0M019DTWVR
https://tagging.wetransfer.com/g/collect,we.tl,user_engagement,G-0M019DTWVR
https://ga-server-side-tagging-latam-k6sb2lwzta-ue.a.run.app/g/collect,latamairlines.com,page_view,G-0FQ5F9TMWN
https://ga-server-side-tagging-latam-k6sb2lwzta-ue.a.run.app/g/collect,latamairlines.com,user_engagement,G-0FQ5F9TMWN
https://ga-server-side-tagging-latam-k6sb2lwzta-ue.a.run.app/g/collect,latamairlines.com,view_promotion,G-0FQ5F9TMWN
https://gtm.survicate.com/g/collect,survicate.com,page_view,G-Z8KP425DS5
https://gtm.survicate.com/g/collect,survicate.com,scroll,G-Z8KP425DS5
https://gtm.survicate.com/g/collect,survicate.com,user_engagement,G-Z8KP425DS5
https://dma.diy.com/g/collect,diy.com,,G-00SSBQUKM
https://dma.diy.com/g/collect,diy.com,page_view,G-00SSBQUKM
https://dma.diy.com/g/collect,diy.com,user_engagement,G-00SSBQUKM
https://capiliverpool.liverpool.com.mx/g/collect,liverpool.com.mx,page_view,G-0WY68EFMNB
https://capiliverpool.liverpool.com.mx/g/collect,liverpool.com.mx,scroll,G-0WY68EFMNB
https://capiliverpool.liverpool.com.mx/g/collect,liverpool.com.mx,user_engagement,G-0WY68EFMNB
https://tagmanager.liverpool.com.mx/g/collect,liverpool.com.mx,page_view,G-XXXXXXXXXX
https://tagmanager.liverpool.com.mx/g/collect,liverpool.com.mx,user_engagement,G-XXXXXXXXXX
https://datainsights.websupport.sk/g/collect,websupport.sk,page_view,G-24RY1GC9KP
https://datainsights.websupport.sk/g/collect,websupport.sk,scroll_25,G-24RY1GC9KP
https://datainsights.websupport.sk/g/collect,websupport.sk,scroll_50,G-24RY1GC9KP
https://datainsights.websupport.sk/g/collect,websupport.sk,scroll_75,G-24RY1GC9KP
https://datainsights.websupport.sk/g/collect,websupport.sk,scroll_90,G-24RY1GC9KP
https://hz.linternaute.com/g/collect,linternaute.com,cmp.gdpr_not_apply,G-9N2G2759V8
https://hz.linternaute.com/g/collect,linternaute.com,page_view,G-9N2G2759V8
https://hz.linternaute.com/g/collect,linternaute.com,user_engagement,G-9N2G2759V8
https://sgtm.avid.com/g/collect,avid.com,page_view,G-PROD
https://sgtm.avid.com/g/collect,avid.com,show_content_cards,G-PROD
https://sgtm.avid.com/g/collect,avid.com,user_engagement,G-PROD
https://g.sst.godaddy.com/g/collect,pubgclanemblem.com,gd_session_start,G-QJXPZE4TX8
:///cfGoogleAnalytics/ga/g/c,maryland.gov,page_view,G-CPB08CEVX0
:///cfGoogleAnalytics/ga/g/c,maryland.gov,page_view,G-LJCC9XG5J9
:///cfGoogleAnalytics/ga/g/c,maryland.gov,scroll,G-CPB08CEVX0
:///cfGoogleAnalytics/ga/g/c,maryland.gov,user_engagement,G-CPB08CEVX0
:///cfGoogleAnalytics/ga/g/c,maryland.gov,user_engagement,G-LJCC9XG5J9
https://gss.axs.com/g/collect,axs.com,page_view,G-1111111111
https://gss.axs.com/g/collect,axs.com,user_engagement,G-1111111111
https://radix.secondlife.com/g/collect,secondlife.com,page_view,G-T7G7P6DCEC
https://radix.secondlife.com/g/collect,secondlife.com,user_engagement,G-T7G7P6DCEC
https://sgtm-tagging-gom3uauwma-uc.a.run.app/g/collect,sfchronicle.com,user_engagement,G-11WNQ4TN28
https://growth-performance.revolut.com/g/collect,revolut.com,page_view,G-3Q2GNB8G11
https://growth-performance.revolut.com/g/collect,revolut.com,page_view,G-NC0XSL7JGN
https://growth-performance.revolut.com/g/collect,revolut.com,page_view,G-S3XR2L57FZ
https://growth-performance.revolut.com/g/collect,revolut.com,scroll,G-3Q2GNB8G11
https://growth-performance.revolut.com/g/collect,revolut.com,scroll,G-NC0XSL7JGN
https://growth-performance.revolut.com/g/collect,revolut.com,scroll,G-S3XR2L57FZ
https://growth-performance.revolut.com/g/collect,revolut.com,user_engagement,G-3Q2GNB8G11
https://growth-performance.revolut.com/g/collect,revolut.com,user_engagement,G-NC0XSL7JGN
https://growth-performance.revolut.com/g/collect,revolut.com,user_engagement,G-S3XR2L57FZ
https://gtm-server.healthline.com/g/collect,psychcentral.com,page_view,G-RM4HVRMNXS
https://gtm-server.healthline.com/g/collect,psychcentral.com,user_engagement,G-RM4HVRMNXS
https://run-server-side-tagging-t3s332nvca-el.a.run.app/g/collect,bajajfinserv.in,,G-JXSK4HTS7L
https://run-server-side-tagging-t3s332nvca-el.a.run.app/g/collect,bajajfinserv.in,page_view,G-JXSK4HTS7L
https://run-server-side-tagging-t3s332nvca-el.a.run.app/g/collect,bajajfinserv.in,user_engagement,G-JXSK4HTS7L
https://sgtm.currys.co.uk/g/collect,currys.co.uk,,G-3VD8P50ZM5
https://sgtm.currys.co.uk/g/collect,currys.co.uk,ad_impression,G-3VD8P50ZM5
https://sgtm.currys.co.uk/g/collect,currys.co.uk,conversion,G-3VD8P50ZM5
https://sgtm.currys.co.uk/g/collect,currys.co.uk,page_view,G-3VD8P50ZM5
https://sgtm.currys.co.uk/g/collect,currys.co.uk,scroll,G-3VD8P50ZM5
https://sgtm.currys.co.uk/g/collect,currys.co.uk,user_engagement,G-3VD8P50ZM5
:///gtg/ga/g/c,beeg.com,orientation_event,G-MQH2C0NN3E
:///gtg/ga/g/c,beeg.com,page_view,G-MQH2C0NN3E
:///gtg/ga/g/c,beeg.com,scroll,G-MQH2C0NN3E
:///gtg/ga/g/c,beeg.com,user_engagement,G-MQH2C0NN3E
https://sskering.gucci.com/g/collect,gucci.com,page_view,G-123456
https://sskering.gucci.com/g/collect,gucci.com,user_engagement,G-123456
https://www-sst.countryliving.com/g/collect,countryliving.com,CompleteContent_Q1,G-8675309
https://www-sst.countryliving.com/g/collect,countryliving.com,CompleteContent_Q2,G-8675309
https://www-sst.countryliving.com/g/collect,countryliving.com,CompleteContent_Q3,G-8675309
https://www-sst.countryliving.com/g/collect,countryliving.com,PageView,G-8675309
https://www-sst.countryliving.com/g/collect,countryliving.com,ViewContent,G-8675309
https://www.lidl.de/t/gtm/g/collect,lidl.de,,G-HTEPS28EL9
https://www.lidl.de/t/gtm/g/collect,lidl.de,scroll,G-HTEPS28EL9
https://www.lidl.de/t/gtm/g/collect,lidl.de,user_engagement,G-HTEPS28EL9
https://tagging.conde.digital/g/collect,bonappetit.com,signals_set,G-X97D1CLBB6
https://tagging.conde.digital/g/collect,bonappetit.com,user_engagement,G-X97D1CLBB6
https://gtm-metrics.iherb.com/g/collect,iherb.com,optimizely_decision,G-SW3NJP516F
https://gtm-metrics.iherb.com/g/collect,iherb.com,page_view,G-SW3NJP516F
https://gtm-metrics.iherb.com/g/collect,iherb.com,user_engagement,G-SW3NJP516F
https://gtm-metrics.iherb.com/g/collect,iherb.com,view_item,G-SW3NJP516F
https://gtm-metrics.iherb.com/g/collect,iherb.com,view_item_list,G-SW3NJP516F
https://sgtm.catawiki.com/g/collect,catawiki.com,auction_closing_soon_seen,G-N14JY514FR
https://sgtm.catawiki.com/g/collect,catawiki.com,brands_seen,G-N14JY514FR
https://sgtm.catawiki.com/g/collect,catawiki.com,collections_seen,G-N14JY514FR
https://sgtm.catawiki.com/g/collect,catawiki.com,custom_param_push,G-N14JY514FR
https://sgtm.catawiki.com/g/collect,catawiki.com,experts_seen,G-N14JY514FR
https://sgtm.catawiki.com/g/collect,catawiki.com,page_view,G-N14JY514FR
https://sgtm.catawiki.com/g/collect,catawiki.com,recommendations_seen,G-N14JY514FR
https://sgtm.catawiki.com/g/collect,catawiki.com,registration_fly_in_seen,G-N14JY514FR
https://sgtm.catawiki.com/g/collect,catawiki.com,top_picks_seen,G-N14JY514FR
https://ssgtm.iaai.com/g/collect,iaai.com,page_view,G-8J4GTR5B9Q
https://ssgtm.iaai.com/g/collect,iaai.com,user_engagement,G-8J4GTR5B9Q
https://metrics.warframe.com/g/collect,warframe.com,page_view,G-8LK39VJ1VS
https://metrics.warframe.com/g/collect,warframe.com,scroll,G-8LK39VJ1VS
https://metrics.warframe.com/g/collect,warframe.com,scroll_length,G-8LK39VJ1VS
https://metrics.warframe.com/g/collect,warframe.com,user_color_mode,G-8LK39VJ1VS
https://metrics.warframe.com/g/collect,warframe.com,user_engagement,G-8LK39VJ1VS
https://t0.adac.de/g/collect,adac.de,page_view,G-PVY5X3EQZL
https://t0.adac.de/g/collect,adac.de,scroll,G-PVY5X3EQZL
https://t0.adac.de/g/collect,adac.de,user_engagement,G-PVY5X3EQZL
https://metrics.ceneo.pl/g/collect,ceneo.pl,,G-K2N2M0CBQ6
https://metrics.ceneo.pl/g/collect,ceneo.pl,cookie_permission,G-K2N2M0CBQ6
https://metrics.ceneo.pl/g/collect,ceneo.pl,page_view,G-K2N2M0CBQ6
https://metrics.ceneo.pl/g/collect,ceneo.pl,rtb_aid,G-K2N2M0CBQ6
https://metrics.ceneo.pl/g/collect,ceneo.pl,rtb_category_page_plus_pid,G-K2N2M0CBQ6
https://metrics.ceneo.pl/g/collect,ceneo.pl,rtb_home_page_plus_pid,G-K2N2M0CBQ6
https://metrics.ceneo.pl/g/collect,ceneo.pl,scroll,G-K2N2M0CBQ6
https://metrics.ceneo.pl/g/collect,ceneo.pl,user_engagement,G-K2N2M0CBQ6
https://metrics.ceneo.pl/g/collect,ceneo.pl,view_promotion,G-K2N2M0CBQ6
https://prod-sgtm.very.co.uk/g/collect,very.co.uk,page_view,G-HQ393HVMSZ
https://prod-sgtm.very.co.uk/g/collect,very.co.uk,user_engagement,G-HQ393HVMSZ
https://hz.journaldesfemmes.fr/g/collect,journaldesfemmes.fr,cmp.gdpr_not_apply,G-NFCHGLXJ8D
https://hz.journaldesfemmes.fr/g/collect,journaldesfemmes.fr,nlDisplay,G-NFCHGLXJ8D
https://hz.journaldesfemmes.fr/g/collect,journaldesfemmes.fr,page_view,G-NFCHGLXJ8D
https://hz.journaldesfemmes.fr/g/collect,journaldesfemmes.fr,user_engagement,G-NFCHGLXJ8D
https://s2s.tradeinn.com/g/collect,tradeinn.com,ADS_Remarketing,G-12345
https://s2s.tradeinn.com/g/collect,tradeinn.com,page_view,G-12345
https://s2s.tradeinn.com/g/collect,tradeinn.com,page_view,G-VS2KTMJQTJ
https://s2s.tradeinn.com/g/collect,tradeinn.com,user_engagement,G-12345
https://s2s.tradeinn.com/g/collect,tradeinn.com,user_engagement,G-VS2KTMJQTJ
https://gtm.ilpost.it/g/collect,ilpost.it,,G-2T31DE0K8K
https://gtm.ilpost.it/g/collect,ilpost.it,page_view,G-2T31DE0K8K
https://tagging.conde.digital/g/collect,teenvogue.com,signals_set,G-2MET43H8DV
https://tagging.conde.digital/g/collect,teenvogue.com,user_engagement,G-2MET43H8DV
https://gtm-kmp2gjd-nmqzy.uc.r.appspot.com/g/collect,voicemod.net,page_view,G-GLK7CYZ4FD
https://gtm-kmp2gjd-nmqzy.uc.r.appspot.com/g/collect,voicemod.net,scroll,G-GLK7CYZ4FD
https://gtm-kmp2gjd-nmqzy.uc.r.appspot.com/g/collect,voicemod.net,user_engagement,G-GLK7CYZ4FD
https://sst.sinsay.com/g/collect,sinsay.com,ab_tests,G-VL0BHYFP5G
https://sst.sinsay.com/g/collect,sinsay.com,experiment_viewed,G-VL0BHYFP5G
https://sst.sinsay.com/g/collect,sinsay.com,page_view,G-RYP3KP7859
https://sst.sinsay.com/g/collect,sinsay.com,page_view,G-VL0BHYFP5G
https://sghs.asda.com/g/collect,asda.com,page_view,G-3T6DQ0864N
https://sghs.asda.com/g/collect,asda.com,user_engagement,G-3T6DQ0864N
https://metrics.thecut.com/g/collect,thecut.com,,G-DNE38RK1HX
https://gtm.prod.headspace.com/g/collect,headspace.com,page_view,G-03GR1D2D0N
https://gtm.prod.headspace.com/g/collect,headspace.com,scroll,G-03GR1D2D0N
https://gtm.prod.headspace.com/g/collect,headspace.com,user_engagement,G-03GR1D2D0N
https://sstc.dunelm.com/g/collect,dunelm.com,experimentation,G-PJ5SMW7K4T
https://sstc.dunelm.com/g/collect,dunelm.com,page_view,G-PJ5SMW7K4T
https://sstc.dunelm.com/g/collect,dunelm.com,user_engagement,G-PJ5SMW7K4T
https://sstc.dunelm.com/g/collect,dunelm.com,view_item,G-PJ5SMW7K4T
https://sstc.dunelm.com/g/collect,dunelm.com,web_vitals,G-PJ5SMW7K4T
https://sstc.dunelm.com/g/collect,dunelm.com,web_vitals_initial,G-PJ5SMW7K4T
https://flagship-gtm.unm.edu/g/collect,unm.edu,page_view,G-YE9XJVELVF
https://flagship-gtm.unm.edu/g/collect,unm.edu,scroll,G-YE9XJVELVF
https://flagship-gtm.unm.edu/g/collect,unm.edu,user_engagement,G-YE9XJVELVF
https://www.onthemarket.com/client-metrics/g/collect,onthemarket.com,page_view,G-KHKW2MFYYP
https://www.onthemarket.com/client-metrics/g/collect,onthemarket.com,scroll,G-KHKW2MFYYP
https://www.onthemarket.com/client-metrics/g/collect,onthemarket.com,user_engagement,G-KHKW2MFYYP
https://gtm-metrics.snapfish.com/g/collect,snapfish.com,page_view,G-NSL45KXNJ5
https://gtm-metrics.snapfish.com/g/collect,snapfish.com,scroll,G-NSL45KXNJ5
https://gtm-metrics.snapfish.com/g/collect,snapfish.com,set_cid,G-NSL45KXNJ5
https://gtm-metrics.snapfish.com/g/collect,snapfish.com,user_engagement,G-NSL45KXNJ5
https://gtm-metrics.snapfish.com/g/collect,snapfish.com,view_item,G-NSL45KXNJ5
https://tagging.conde.digital/g/collect,allure.com,signals_set,G-H0VHK4DFLN
https://tagging.conde.digital/g/collect,allure.com,user_engagement,G-H0VHK4DFLN
https://sst.is.fi/g/collect,is.fi,,G-B8CV6HRFWC
https://analytics-fashion.dior.com/g/collect,dior.com,page_view,G-CSBQZBBS8R
https://analytics-fashion.dior.com/g/collect,dior.com,scroll,G-CSBQZBBS8R
https://analytics-fashion.dior.com/g/collect,dior.com,user_engagement,G-CSBQZBBS8R
https://gtm.nami.org/g/collect,nami.org,page_view,G-123
https://gtm.nami.org/g/collect,nami.org,user_engagement,G-123
https://sst.reserved.com/g/collect,reserved.com,ab_tests,G-1D05R6E0JJ
https://sst.reserved.com/g/collect,reserved.com,page_view,G-1D05R6E0JJ
https://sst.reserved.com/g/collect,reserved.com,page_view,G-RYP3KP7859
https://analytics.framer.com/g/collect,framer.com,CookieConsentAcceptWorld,G-QZ2MPXED80
https://analytics.framer.com/g/collect,framer.com,CookieConsentShownWorld,G-QZ2MPXED80
https://analytics.framer.com/g/collect,framer.com,page_view,G-QZ2MPXED80
https://analytics.framer.com/g/collect,framer.com,scroll,G-QZ2MPXED80
https://analytics.framer.com/g/collect,framer.com,user_engagement,G-QZ2MPXED80
https://tm.boots.com/g/collect,boots.com,page_product_view_symbiosys,G-1QMWXFX88F
https://tm.boots.com/g/collect,boots.com,page_view,G-1QMWXFX88F
https://tm.boots.com/g/collect,boots.com,scroll,G-1QMWXFX88F
https://tm.boots.com/g/collect,boots.com,user_engagement,G-1QMWXFX88F
https://gtm.stradivarius.com/g/collect,stradivarius.com,pageview,G-NOTFORGA4TRACKING
https://gtm.stradivarius.com/g/collect,stradivarius.com,user_engagement,G-NOTFORGA4TRACKING
https://gtm.diamond.jp/g/collect,diamond.jp,page_view,G-4ZRR68SQNH
https://gtm.diamond.jp/g/collect,diamond.jp,user_engagement,G-4ZRR68SQNH
https://www.jet2holidays.com/sgtm/g/collect,jet2holidays.com,user_engagement,G-SERVERSIDE
https://sst.lokalise.com/g/collect,lokalise.com,page_view,G-1JRZETG1RY
https://sst.lokalise.com/g/collect,lokalise.com,scroll,G-1JRZETG1RY
https://sst.lokalise.com/g/collect,lokalise.com,user_engagement,G-1JRZETG1RY
https://tagging.beforward.jp/g/collect,beforward.jp,page_view,G-XQJGWCL8Q6
https://tagging.beforward.jp/g/collect,beforward.jp,scroll,G-XQJGWCL8Q6
https://tagging.beforward.jp/g/collect,beforward.jp,user_engagement,G-XQJGWCL8Q6
https://server-side.jbhifi.com.au/g/collect,jbhifi.com.au,page_view,G-W98DP634P4
https://server-side.jbhifi.com.au/g/collect,jbhifi.com.au,user_engagement,G-W98DP634P4
https://ssgtm.masterclass.com/g/collect,masterclass.com,add_to_cart,G-CKM9ZCCQBN
https://ssgtm.masterclass.com/g/collect,masterclass.com,page_view,G-CKM9ZCCQBN
https://ssgtm.masterclass.com/g/collect,masterclass.com,scroll,G-CKM9ZCCQBN
https://ssgtm.masterclass.com/g/collect,masterclass.com,user_engagement,G-CKM9ZCCQBN
https://tag.airasia.com/g/collect,airasia.com,page_view,G-WH11PWM2JH
https://tag.airasia.com/g/collect,airasia.com,scroll,G-WH11PWM2JH
https://tag.airasia.com/g/collect,airasia.com,user_engagement,G-WH11PWM2JH
:///_metrics/ga/g/c,manyvids.com,page_view,G-HCX6BHQYHQ
:///_metrics/ga/g/c,manyvids.com,scroll,G-HCX6BHQYHQ
:///_metrics/ga/g/c,manyvids.com,user_engagement,G-HCX6BHQYHQ
https://sgtm.splunk.com/g/collect,signalfx.com,,G-5EPM2P39FV
https://sgtm.splunk.com/g/collect,signalfx.com,CLS,G-5EPM2P39FV
https://sgtm.splunk.com/g/collect,signalfx.com,LCP,G-5EPM2P39FV
https://sgtm.splunk.com/g/collect,signalfx.com,form_start,G-5EPM2P39FV
https://sgtm.splunk.com/g/collect,signalfx.com,page_load_time,G-5EPM2P39FV
https://sgtm.splunk.com/g/collect,signalfx.com,page_view,G-5EPM2P39FV
https://sgtm.splunk.com/g/collect,signalfx.com,scroll,G-5EPM2P39FV
https://www-sst.delish.com/g/collect,delish.com,CompleteContent_Q1,G-8675309
https://www-sst.delish.com/g/collect,delish.com,CompleteContent_Q2,G-8675309
https://www-sst.delish.com/g/collect,delish.com,CompleteContent_Q3,G-8675309
https://www-sst.delish.com/g/collect,delish.com,PageView,G-8675309
https://www-sst.delish.com/g/collect,delish.com,ViewContent,G-8675309
https://sgtm.thetimes.co.uk/g/collect,timesonline.co.uk,ViewContent,G-12345
https://sgtm.thetimes.co.uk/g/collect,timesonline.co.uk,page_view,G-12345
https://sgtm.thetimes.co.uk/g/collect,timesonline.co.uk,user_engagement,G-12345
https://analytics.blesk.cz/g/collect,blesk.cz,,G-SBN7253087
https://analytics.blesk.cz/g/collect,blesk.cz,adopsConsent,G-SBN7253087
https://analytics.blesk.cz/g/collect,blesk.cz,list_itemView,G-SBN7253087
https://analytics.blesk.cz/g/collect,blesk.cz,page_view,G-4Z1Y12C9E0
https://analytics.blesk.cz/g/collect,blesk.cz,page_view,G-SBN7253087
https://analytics.blesk.cz/g/collect,blesk.cz,scroll,G-SBN7253087
https://analytics.blesk.cz/g/collect,blesk.cz,user_engagement,G-4Z1Y12C9E0
https://analytics.blesk.cz/g/collect,blesk.cz,user_engagement,G-SBN7253087
https://sst.ticketone.it/g/collect,ticketone.it,page_view,G-D0PL176BWD
https://sst.ticketone.it/g/collect,ticketone.it,scroll,G-D0PL176BWD
https://sst.ticketone.it/g/collect,ticketone.it,user_engagement,G-D0PL176BWD
https://server.sgtm.2dehands.be/g/collect,2dehands.be,,G-HS0GGDE3SH
https://wss.telenet.be/g/collect,telenet.be,page_view,G-8J6YP76JRE
https://wss.telenet.be/g/collect,telenet.be,user_engagement,G-8J6YP76JRE
https://default.events.apps.gcp.optus.com.au/g/collect,optus.com.au,messaging,G-FCZP8D1YQ1
https://default.events.apps.gcp.optus.com.au/g/collect,optus.com.au,page_view,G-FCZP8D1YQ1
https://default.events.apps.gcp.optus.com.au/g/collect,optus.com.au,site_speed,G-FCZP8D1YQ1
https://default.events.apps.gcp.optus.com.au/g/collect,optus.com.au,user_engagement,G-FCZP8D1YQ1
https://default.events.apps.gcp.optus.com.au/g/collect,optus.com.au,view_item_list,G-FCZP8D1YQ1
https://ssgtm.futurism.com/g/collect,futurism.com,page_view,G-GC3J34CM8L
https://ssgtm.futurism.com/g/collect,futurism.com,scroll,G-GC3J34CM8L
https://ssgtm.futurism.com/g/collect,futurism.com,user_engagement,G-GC3J34CM8L
https://server-side-tagging-vwo52nibmq-uc.a.run.app/g/collect,feverup.com,user_engagement,G-L4M4ND4NG4
https://tagging.loaded.com/g/collect,cdkeys.com,page_view,G-YHKEE6SVH6
https://tagging.loaded.com/g/collect,cdkeys.com,scroll,G-YHKEE6SVH6
https://tagging.loaded.com/g/collect,cdkeys.com,user_engagement,G-YHKEE6SVH6
https://tagging.loaded.com/g/collect,cdkeys.com,view_item,G-YHKEE6SVH6
:///xy20/ag/g/c,ciceksepeti.com,page_view,G-HBG7NTCJGZ
:///xy20/ag/g/c,ciceksepeti.com,scroll,G-HBG7NTCJGZ
:///xy20/ag/g/c,ciceksepeti.com,user_engagement,G-HBG7NTCJGZ
:///xy20/ag/g/c,ciceksepeti.com,view_item_list,G-HBG7NTCJGZ
https://sst-gtm-server.dafiti.com.br/g/collect,dafiti.com.br,page_view,G-4X2HC5Z756
https://tracking.bolt.eu/g/collect,bolt.eu,page_view,G-YN2R8M8XET
https://tracking.bolt.eu/g/collect,bolt.eu,user_engagement,G-YN2R8M8XET
https://server-side-tagging.madeiramadeira.com.br/g/collect,madeiramadeira.com.br,page_view,G-8J941DPYQF
https://server-side-tagging.madeiramadeira.com.br/g/collect,madeiramadeira.com.br,page_visit,G-8J941DPYQF
https://server-side-tagging.madeiramadeira.com.br/g/collect,madeiramadeira.com.br,scroll,G-8J941DPYQF
https://sstrack.therange.co.uk/g/collect,therange.co.uk,,G-YE34HEW96F
https://sstrack.therange.co.uk/g/collect,therange.co.uk,onetrust_update,G-YE34HEW96F
https://sstrack.therange.co.uk/g/collect,therange.co.uk,page_view,G-YE34HEW96F
https://sstrack.therange.co.uk/g/collect,therange.co.uk,scroll,G-YE34HEW96F
https://sstrack.therange.co.uk/g/collect,therange.co.uk,user_engagement,G-YE34HEW96F
https://www.shop-apotheke.com/te/klpoz/g/collect,shop-apotheke.com,page_view,G-102RDDVWR0
https://www.shop-apotheke.com/te/klpoz/g/collect,shop-apotheke.com,user_engagement,G-102RDDVWR0
https://gtm-discoveryplus-prod-46148028384.us-central1.run.app/g/collect,discoveryplus.com,page_view,G-NGYZC4BFBE
https://gtm-discoveryplus-prod-46148028384.us-central1.run.app/g/collect,discoveryplus.com,user_engagement,G-NGYZC4BFBE
https://metrics.brevo.com/g/collect,sendinblue.com,Bigquery_pageviews,G-V8SFL2N220
https://metrics.brevo.com/g/collect,sendinblue.com,NavigationCTA,G-V8SFL2N220
https://metrics.brevo.com/g/collect,sendinblue.com,page_view,G-V8SFL2N220
https://metrics.brevo.com/g/collect,sendinblue.com,scroll,G-V8SFL2N220
https://metrics.brevo.com/g/collect,sendinblue.com,user_engagement,G-V8SFL2N220
https://servergtm.rotafono.pe/g/collect,rpp.pe,page_view,G-NLMCL5PNLC
https://servergtm.rpp.pe/g/collect,rpp.pe,page_view,G-VQCCX98QVG
https://servergtm.rpp.pe/g/collect,rpp.pe,scroll,G-VQCCX98QVG
https://capi-growth-martech-fcpe.falabella.tech/g/collect,falabella.com.pe,user_engagement,G-SSSSSSSSSS
https://ibis.lendingtree.com/g/collect,lendingtree.com,CQ,G-PVXTW3FZ93
https://ibis.lendingtree.com/g/collect,lendingtree.com,cheq_threat_detection,G-PVXTW3FZ93
https://ibis.lendingtree.com/g/collect,lendingtree.com,page_view,G-PVXTW3FZ93
https://ibis.lendingtree.com/g/collect,lendingtree.com,scroll,G-PVXTW3FZ93
https://ibis.lendingtree.com/g/collect,lendingtree.com,user_engagement,G-PVXTW3FZ93
https://he.gala.fr/g/collect,gala.fr,CMP_AcceptAllPurpose,G-5W69BFBLT1
https://he.gala.fr/g/collect,gala.fr,CMP_UI_Shown,G-5W69BFBLT1
https://he.gala.fr/g/collect,gala.fr,page_view,G-5W69BFBLT1
https://he.gala.fr/g/collect,gala.fr,scroll,G-5W69BFBLT1
https://he.gala.fr/g/collect,gala.fr,user_engagement,G-5W69BFBLT1
https://marine-bebop-445118-a6.uc.r.appspot.com/g/collect,gupy.io,page_view,G-KPL4CL5GYW
https://tagging.conde.digital/g/collect,epicurious.com,signals_set,G-BLWCXQN4WB
https://tagging.conde.digital/g/collect,epicurious.com,user_engagement,G-BLWCXQN4WB
https://s2s.boulanger.com/g/collect,boulanger.com,page_view,G-XXXXXXXXX
https://s2s.boulanger.com/g/collect,boulanger.com,user_engagement,G-XXXXXXXXX
https://sgtm.appcues.com/g/collect,appcues.com,Clearbit Loaded,G-W31ZE8K2KL
https://sgtm.appcues.com/g/collect,appcues.com,engagement_pulse,G-W31ZE8K2KL
https://sgtm.appcues.com/g/collect,appcues.com,js_error,G-W31ZE8K2KL
https://sgtm.appcues.com/g/collect,appcues.com,page_view,G-W31ZE8K2KL
https://sgtm.appcues.com/g/collect,appcues.com,scroll,G-W31ZE8K2KL
https://data-lb.matalan.co.uk/g/collect,matalan.co.uk,abtasty,G-8S6XFDJ3SL
https://data-lb.matalan.co.uk/g/collect,matalan.co.uk,page_view,G-8S6XFDJ3SL
https://data-lb.matalan.co.uk/g/collect,matalan.co.uk,scroll,G-8S6XFDJ3SL
https://data-lb.matalan.co.uk/g/collect,matalan.co.uk,user_engagement,G-8S6XFDJ3SL
https://ssgtm.topuniversities.com/g/collect,topuniversities.com,page_view,G-MB43K5VF58
https://ssgtm.topuniversities.com/g/collect,topuniversities.com,scroll,G-MB43K5VF58
https://ssgtm.topuniversities.com/g/collect,topuniversities.com,user_engagement,G-MB43K5VF58
https://sgtm.simonandschuster.com/g/collect,simonandschuster.com,OneTrustGroupsUpdated,G-S9LRLQZ84G
https://sgtm.simonandschuster.com/g/collect,simonandschuster.com,OneTrustLoaded,G-S9LRLQZ84G
https://sgtm.simonandschuster.com/g/collect,simonandschuster.com,OptanonLoaded,G-S9LRLQZ84G
https://sgtm.simonandschuster.com/g/collect,simonandschuster.com,gtm.dom,G-S9LRLQZ84G
https://sgtm.simonandschuster.com/g/collect,simonandschuster.com,page_view,G-S9LRLQZ84G
https://sgtm.simonandschuster.com/g/collect,simonandschuster.com,scroll,G-S9LRLQZ84G
https://sgtm.simonandschuster.com/g/collect,simonandschuster.com,user_engagement,G-S9LRLQZ84G
https://fpt2.mandmdirect.com/g/collect,mandmdirect.com,,G-G07K8XWJEN
https://fpt2.mandmdirect.com/g/collect,mandmdirect.com,page_view,G-G07K8XWJEN
https://fpt2.mandmdirect.com/g/collect,mandmdirect.com,scroll,G-G07K8XWJEN
https://fpt2.mandmdirect.com/g/collect,mandmdirect.com,user_engagement,G-G07K8XWJEN
:///925q/ag/g/c,lagged.com,ad_impression,G-F16JC3ZS20
:///925q/ag/g/c,lagged.com,page_view,G-F16JC3ZS20
:///925q/ag/g/c,lagged.com,scroll,G-F16JC3ZS20
:///925q/ag/g/c,lagged.com,user_engagement,G-F16JC3ZS20
https://streaming.bi.owox.com/ga4/9bb752a08674f116753ca5719dda03ed/g/collect,backlinko.com,page_view,G-BPNLXP3JQG
https://streaming.bi.owox.com/ga4/9bb752a08674f116753ca5719dda03ed/g/collect,backlinko.com,scroll,G-BPNLXP3JQG
https://streaming.bi.owox.com/ga4/9bb752a08674f116753ca5719dda03ed/g/collect,backlinko.com,user_engagement,G-BPNLXP3JQG
https://capi-growth-martech-fcco.falabella.tech/g/collect,falabella.com.co,ViewContent,G-SSSSSSSSSS
https://capi-growth-martech-fcco.falabella.tech/g/collect,falabella.com.co,user_engagement,G-SSSSSSSSSS
https://tagging-qadkfoj6ha-as.a.run.app/g/collect,cellphones.com.vn,,G-QLK8WFHNK9
https://tagging-qadkfoj6ha-as.a.run.app/g/collect,cellphones.com.vn,page_view,G-QLK8WFHNK9
https://tagging-qadkfoj6ha-as.a.run.app/g/collect,cellphones.com.vn,scroll,G-QLK8WFHNK9
https://tagging-qadkfoj6ha-as.a.run.app/g/collect,cellphones.com.vn,user_engagement,G-QLK8WFHNK9
https://ga-tag.veed.io/g/collect,veed.io,page_view,G-EGGW5K6LZ1
https://ga-tag.veed.io/g/collect,veed.io,scroll,G-EGGW5K6LZ1
https://ga-tag.veed.io/g/collect,veed.io,user_engagement,G-EGGW5K6LZ1
https://gtm.surveymonkey.com/g/collect,usabilla.com,virtualPageView,G-1111111
https://gtmdev.jabra.com/g/collect,jabra.com,page_view,G-PKCKVQ89WH
https://gtmdev.jabra.com/g/collect,jabra.com,user_engagement,G-PKCKVQ89WH
https://www.lidl.es/t/gtm/g/collect,lidl.es,,G-P09EHEF4EB
https://www.lidl.es/t/gtm/g/collect,lidl.es,scroll,G-P09EHEF4EB
https://www.lidl.es/t/gtm/g/collect,lidl.es,user_engagement,G-P09EHEF4EB
https://analytics.ifortuna.sk/g/collect,ifortuna.sk,page_view,G-HN8ZB1EXW0
https://analytics.ifortuna.sk/g/collect,ifortuna.sk,user_engagement,G-HN8ZB1EXW0
https://gcp.p-bandai.jp/g/collect,p-bandai.jp,fb_event,G-JL5LLXFB4P
https://gcp.p-bandai.jp/g/collect,p-bandai.jp,gclid-yclid,G-JL5LLXFB4P
https://gcp.p-bandai.jp/g/collect,p-bandai.jp,page_view,G-JL5LLXFB4P
https://gcp.p-bandai.jp/g/collect,p-bandai.jp,scroll,G-JL5LLXFB4P
https://gcp.p-bandai.jp/g/collect,p-bandai.jp,user_engagement,G-JL5LLXFB4P
https://www.zalando.nl/api/t/gtm/g/collect,zalando.nl,load_content,G-MDW1S9PQPW
https://www.zalando.nl/api/t/gtm/g/collect,zalando.nl,page_view,G-MDW1S9PQPW
https://www.zalando.nl/api/t/gtm/g/collect,zalando.nl,scroll,G-MDW1S9PQPW
https://www.zalando.nl/api/t/gtm/g/collect,zalando.nl,user_engagement,G-MDW1S9PQPW
https://www.zalando.nl/api/t/gtm/g/collect,zalando.nl,view_content,G-MDW1S9PQPW
https://hz.lachainemeteo.com/g/collect,lachainemeteo.com,page_view,G-5F0NFP59F8
https://hz.lachainemeteo.com/g/collect,lachainemeteo.com,scroll,G-5F0NFP59F8
https://hz.lachainemeteo.com/g/collect,lachainemeteo.com,user_engagement,G-5F0NFP59F8
https://sgtm.jetbrains.com/g/collect,jetbrains.ai,page_view,G-M8TDRLXFQH
https://sgtm.jetbrains.com/g/collect,jetbrains.ai,user_engagement,G-M8TDRLXFQH
https://sst.homegate.ch/g/collect,homegate.ch,,G-565VJD80DY
https://sst.homegate.ch/g/collect,homegate.ch,page_view,G-565VJD80DY
https://sst.homegate.ch/g/collect,homegate.ch,user_engagement,G-565VJD80DY
:///analytics/ga/g/c,yesplay.bet,page_view,G-6458J4YNKF
:///analytics/ga/g/c,yesplay.bet,user_engagement,G-6458J4YNKF
:///analytics/ga/g/c,yesplay.bet,view_item,G-6458J4YNKF
https://ssgtm.elmueble.com/g/collect,elmueble.com,user_engagement,G-SERVERGTMELMUEBLE
https://tagging.bose.com/g/collect,bose.com,mcp_impression,G-XKSN6Q02ZN
https://tagging.bose.com/g/collect,bose.com,page_view,G-XKSN6Q02ZN
https://tagging.bose.com/g/collect,bose.com,scroll,G-XKSN6Q02ZN
https://tagging.bose.com/g/collect,bose.com,session_engagement_custom,G-XKSN6Q02ZN
https://tagging.bose.com/g/collect,bose.com,user_engagement,G-XKSN6Q02ZN
https://tagging.bose.com/g/collect,bose.com,view_item,G-XKSN6Q02ZN
https://www.monotaro.com/metrics/g/collect,monotaro.com,,G-CHBTKRBEF6
https://www.monotaro.com/metrics/g/collect,monotaro.com,Ads_google_conversion_linker,G-CHBTKRBEF6
https://www.monotaro.com/metrics/g/collect,monotaro.com,Ads_remarketing,G-CHBTKRBEF6
https://www.monotaro.com/metrics/g/collect,monotaro.com,page_view,G-CHBTKRBEF6
https://www.monotaro.com/metrics/g/collect,monotaro.com,scroll,G-CHBTKRBEF6
https://www.monotaro.com/metrics/g/collect,monotaro.com,ua_event,G-CHBTKRBEF6
https://www.monotaro.com/metrics/g/collect,monotaro.com,user_engagement,G-CHBTKRBEF6
https://www.zalando.fr/api/t/gtm/g/collect,zalando.fr,,G-MDW1S9PQPW
https://www.zalando.fr/api/t/gtm/g/collect,zalando.fr,page_view,G-MDW1S9PQPW
https://www.zalando.fr/api/t/gtm/g/collect,zalando.fr,scroll,G-MDW1S9PQPW
https://www.zalando.fr/api/t/gtm/g/collect,zalando.fr,user_engagement,G-MDW1S9PQPW
https://www.zalando.fr/api/t/gtm/g/collect,zalando.fr,view_content,G-MDW1S9PQPW
https://gts.partner.co.il/g/collect,partner.co.il,page_view,G-YCZ8QF655H
https://gts.partner.co.il/g/collect,partner.co.il,scroll,G-YCZ8QF655H
https://gts.partner.co.il/g/collect,partner.co.il,user_engagement,G-YCZ8QF655H
https://sgtm-prd.prod-sahara.editec-online.com/g/collect,premierbet.com,gtm.dom,G-MLYPVFSKJ7
https://sgtm-prd.prod-sahara.editec-online.com/g/collect,premierbet.com,page_view,G-MLYPVFSKJ7
https://sgtm-prd.prod-sahara.editec-online.com/g/collect,premierbet.com,page_view,G-XGXTTL8VH0
https://sgtm-prd.prod-sahara.editec-online.com/g/collect,premierbet.com,scroll,G-MLYPVFSKJ7
https://sgtm-prd.prod-sahara.editec-online.com/g/collect,premierbet.com,scroll,G-XGXTTL8VH0
https://sgtm-prd.prod-sahara.editec-online.com/g/collect,premierbet.com,user_engagement,G-MLYPVFSKJ7
https://sgtm-prd.prod-sahara.editec-online.com/g/collect,premierbet.com,user_engagement,G-XGXTTL8VH0
https://stape.alura.com.br/g/collect,alura.com.br,begin_checkout,G-59FP0KYKSM
https://stape.alura.com.br/g/collect,alura.com.br,page_view,G-59FP0KYKSM
https://stape.alura.com.br/g/collect,alura.com.br,user_engagement,G-59FP0KYKSM
https://stape.alura.com.br/g/collect,alura.com.br,view_item_list,G-59FP0KYKSM
https://www.zalando.it/api/t/gtm/g/collect,zalando.it,,G-MDW1S9PQPW
https://www.zalando.it/api/t/gtm/g/collect,zalando.it,page_view,G-MDW1S9PQPW
https://www.zalando.it/api/t/gtm/g/collect,zalando.it,scroll,G-MDW1S9PQPW
https://www.zalando.it/api/t/gtm/g/collect,zalando.it,user_engagement,G-MDW1S9PQPW
https://www.zalando.it/api/t/gtm/g/collect,zalando.it,view_content,G-MDW1S9PQPW
https://sst.nrc.nl/g/collect,nrc.nl,before_unload,G-Q3L8E2PF4V
https://sst.nrc.nl/g/collect,nrc.nl,page_view,G-Q3L8E2PF4V
https://sst.nrc.nl/g/collect,nrc.nl,paywall,G-Q3L8E2PF4V
https://gtm.technogym.com/g/collect,mywellness.com,PageView,G-XXXXXXXXXX
https://gtm.technogym.com/g/collect,mywellness.com,floodlight_all_pages,G-XXXXXXXXXX
https://gtm.technogym.com/g/collect,mywellness.com,floodlight_homepage,G-XXXXXXXXXX
https://gtm.technogym.com/g/collect,mywellness.com,page_view,G-VTTG3CWLZ7
https://gtm.technogym.com/g/collect,mywellness.com,page_view,G-XXXXXXXXXX
https://gtm.technogym.com/g/collect,mywellness.com,scroll,G-5DZL14YKJB
https://gtm.technogym.com/g/collect,mywellness.com,scroll,G-VTTG3CWLZ7
https://gtm.technogym.com/g/collect,mywellness.com,user_engagement,G-5DZL14YKJB
https://gtm.technogym.com/g/collect,mywellness.com,user_engagement,G-VTTG3CWLZ7
https://gtm.technogym.com/g/collect,mywellness.com,user_engagement,G-XXXXXXXXXX
https://sgtm.indeed.com/g/collect,indeed.net,page_view,G-LYNT3BTHPG
https://sgtm.indeed.com/g/collect,indeed.net,user_engagement,G-LYNT3BTHPG
https://gtm.cas.sk/g/collect,cas.sk,,G-H6087N1399
https://gtm.cas.sk/g/collect,cas.sk,page_view,G-H6087N1399
https://www.zalando.pl/api/t/gtm/g/collect,zalando.pl,,G-MDW1S9PQPW
https://www.zalando.pl/api/t/gtm/g/collect,zalando.pl,load_content,G-MDW1S9PQPW
https://www.zalando.pl/api/t/gtm/g/collect,zalando.pl,page_view,G-MDW1S9PQPW
https://www.zalando.pl/api/t/gtm/g/collect,zalando.pl,scroll,G-MDW1S9PQPW
https://www.zalando.pl/api/t/gtm/g/collect,zalando.pl,user_engagement,G-MDW1S9PQPW
https://www.zalando.pl/api/t/gtm/g/collect,zalando.pl,view_content,G-MDW1S9PQPW
https://www.zalando.es/api/t/gtm/g/collect,zalando.es,,G-MDW1S9PQPW
https://www.zalando.es/api/t/gtm/g/collect,zalando.es,load_content,G-MDW1S9PQPW
https://www.zalando.es/api/t/gtm/g/collect,zalando.es,page_view,G-MDW1S9PQPW
https://www.zalando.es/api/t/gtm/g/collect,zalando.es,scroll,G-MDW1S9PQPW
https://www.zalando.es/api/t/gtm/g/collect,zalando.es,user_engagement,G-MDW1S9PQPW
https://www.zalando.es/api/t/gtm/g/collect,zalando.es,view_content,G-MDW1S9PQPW
https://www.bellemaison.jp/sgtm/g/collect,bellemaison.jp,page_view,G-LLYKP7WCHG
https://www.bellemaison.jp/sgtm/g/collect,bellemaison.jp,scroll,G-LLYKP7WCHG
https://www.bellemaison.jp/sgtm/g/collect,bellemaison.jp,sprocket_event,G-LLYKP7WCHG
https://www.bellemaison.jp/sgtm/g/collect,bellemaison.jp,user_engagement,G-LLYKP7WCHG
https://www.bellemaison.jp/sgtm/g/collect,bellemaison.jp,view_item,G-LLYKP7WCHG
https://s-gtm.xn--pckua2a7gp15o89zb.com/g/collect,xn--pckua2a7gp15o89zb.com,page_view,G-6S9YP1KKSW
https://s-gtm.xn--pckua2a7gp15o89zb.com/g/collect,xn--pckua2a7gp15o89zb.com,scroll,G-6S9YP1KKSW
https://s-gtm.xn--pckua2a7gp15o89zb.com/g/collect,xn--pckua2a7gp15o89zb.com,user_engagement,G-6S9YP1KKSW
https://gtm.kabutan.jp/g/collect,kabutan.jp,page_view,G-H7DJK5BYFD
https://gtm.kabutan.jp/g/collect,kabutan.jp,scroll,G-H7DJK5BYFD
https://gtm.kabutan.jp/g/collect,kabutan.jp,user_engagement,G-H7DJK5BYFD
https://sgtm.livesport.cz/g/collect,livesport.cz,,G-SN1CJRK3Q2
https://sgtm.livesport.cz/g/collect,livesport.cz,CORE_WEB_VITALS,G-SN1CJRK3Q2
https://sgtm.livesport.cz/g/collect,livesport.cz,ONETRUST_ACTION,G-SN1CJRK3Q2
https://sgtm.livesport.cz/g/collect,livesport.cz,page_view,G-SN1CJRK3Q2
https://sgtm.livesport.cz/g/collect,livesport.cz,scroll,G-SN1CJRK3Q2
https://sgtm.livesport.cz/g/collect,livesport.cz,user_engagement,G-SN1CJRK3Q2
https://sst.livechat.com/g/collect,livechatenterprise.com,page_view,G-RQYQC70KNS
https://sst.livechat.com/g/collect,livechatenterprise.com,user_engagement,G-RQYQC70KNS
https://sgtm.procore.com/g/collect,procore.com,page_view,G-PROCORE
https://sgtm.procore.com/g/collect,procore.com,user_engagement,G-PROCORE
https://www.lidl.fr/t/gtm/g/collect,lidl.fr,,G-MKXZEBQY7Y
https://www.lidl.fr/t/gtm/g/collect,lidl.fr,scroll,G-MKXZEBQY7Y
https://www.lidl.fr/t/gtm/g/collect,lidl.fr,user_engagement,G-MKXZEBQY7Y
https://www.airbnb.co.uk/sgtm/g/collect,airbnb.co.uk,page_view,G-2P6Q8PGG16
https://www.airbnb.co.uk/sgtm/g/collect,airbnb.co.uk,user_engagement,G-2P6Q8PGG16
https://www.skyscanner.co.in/g/tagging/g/collect,skyscanner.co.in,banana_homepage_loaded,G-XEEM7L2YCB
https://www.skyscanner.co.in/g/tagging/g/collect,skyscanner.co.in,page_view,G-XEEM7L2YCB
https://www.skyscanner.co.in/g/tagging/g/collect,skyscanner.co.in,seo_landing_page_event,G-XEEM7L2YCB
https://www.skyscanner.co.in/g/tagging/g/collect,skyscanner.co.in,user_engagement,G-XEEM7L2YCB
https://sst.octopus.energy/g/collect,octopus.energy,75% Scroll,G-Y9JNFMEXNR
:///httk/ag/g/c,foreignaffairs.com,page_view,G-0CNFCCCTF9
:///httk/ag/g/c,foreignaffairs.com,scroll,G-0CNFCCCTF9
:///httk/ag/g/c,foreignaffairs.com,user_engagement,G-0CNFCCCTF9
:///httk/ag/g/c,foreignaffairs.com,view_promotion,G-0CNFCCCTF9
:///httk/g/measurement/conversion/,foreignaffairs.com,view_promotion,G-0CNFCCCTF9
https://www.vivastreet.co.uk/cfgtg/g/collect,vivastreet.co.uk,page_view,G-J3N8G6G8CF
https://www.vivastreet.co.uk/cfgtg/g/collect,vivastreet.co.uk,user_engagement,G-J3N8G6G8CF
https://website.gtm.ig.com/g/collect,ig.com,experience_impression,G-NWPWP1ZQE9
https://website.gtm.ig.com/g/collect,ig.com,page_view,G-NWPWP1ZQE9
https://www1.ru/al/g/collect,www1.ru,page_view,G-448M125NGY
https://www1.ru/al/g/collect,www1.ru,scroll,G-448M125NGY
https://www1.ru/al/g/collect,www1.ru,user_engagement,G-448M125NGY
https://gtmserwer.leroymerlin.pl/g/collect,leroymerlin.pl,page_view,G-NLBX6SVKPT
https://server-side-tagging-agl2jup2aa-uc.a.run.app/g/collect,ivanti.com,page_view,G-XHSMVKZVYQ
https://server-side-tagging-agl2jup2aa-uc.a.run.app/g/collect,ivanti.com,scroll,G-XHSMVKZVYQ
https://server-side-tagging-agl2jup2aa-uc.a.run.app/g/collect,ivanti.com,scroll_depth,G-XHSMVKZVYQ
https://server-side-tagging-agl2jup2aa-uc.a.run.app/g/collect,ivanti.com,scroll_max,G-XHSMVKZVYQ
https://vnt.xhamster.com/g/collect,lyxh.site,,G-M59JX8S6QE
https://ssgtm.semana.es/g/collect,semana.es,user_engagement,G-SERVERGTMSEMANA
https://tagging.olist.com/g/collect,tiny.com.br,page_view,G-5B4ZLFBKML
https://analytics.overstock.com/g/collect,overstock.com,,G-SJXPYFJ435
https://analytics.overstock.com/g/collect,overstock.com,page_view,G-SJXPYFJ435
https://analytics.overstock.com/g/collect,overstock.com,user_engagement,G-SJXPYFJ435
https://api.kavak.com/gtm/g/collect,kavak.com,page_view,G-VFHE5QZLSP
https://api.kavak.com/gtm/g/collect,kavak.com,user_engagement,G-VFHE5QZLSP
https://g.sst.afternic.com/g/collect,dan.com,scroll,G-0ZH5LJDC5X
https://g.sst.afternic.com/g/collect,dan.com,user_engagement,G-0ZH5LJDC5X
https://metrics.ncl.ac.uk/g/collect,ncl.ac.uk,page_view,G-VH2F6S16XP
https://metrics.ncl.ac.uk/g/collect,ncl.ac.uk,scroll,G-VH2F6S16XP
https://metrics.ncl.ac.uk/g/collect,ncl.ac.uk,user_engagement,G-VH2F6S16XP
https://gtm.sunrise.ch/g/collect,sunrise.ch,,G-FF9ERJFFD4
https://gtm.sunrise.ch/g/collect,sunrise.ch,fl_page_view_1,G-12345FLST
https://gtm.sunrise.ch/g/collect,sunrise.ch,fl_page_view_2,G-12345FLST
https://gtm.sunrise.ch/g/collect,sunrise.ch,fl_session_visit,G-12345FLSESS
https://gtm.sunrise.ch/g/collect,sunrise.ch,page_load_time,G-FF9ERJFFD4
https://gtm.sunrise.ch/g/collect,sunrise.ch,page_view,G-FF9ERJFFD4
https://gtm.sunrise.ch/g/collect,sunrise.ch,user_engagement,G-FF9ERJFFD4
https://gtm.sunrise.ch/g/collect,sunrise.ch,view_item_list,G-FF9ERJFFD4
https://gtm.sunrise.ch/g/collect,sunrise.ch,view_promotion,G-FF9ERJFFD4
https://gtm.dandomain.dk/g/collect,dandomain.dk,page_view,G-LY5SKY03QM
https://gtm.dandomain.dk/g/collect,dandomain.dk,view_item,G-LY5SKY03QM
https://gametrics.socialmediatoday.com/g/collect,socialmediatoday.com,page_view,G-065JKX6TVJ
https://gametrics.socialmediatoday.com/g/collect,socialmediatoday.com,press_release_impression,G-065JKX6TVJ
https://gametrics.socialmediatoday.com/g/collect,socialmediatoday.com,scroll,G-065JKX6TVJ
https://gametrics.socialmediatoday.com/g/collect,socialmediatoday.com,user_engagement,G-065JKX6TVJ
https://m1tm.motor1.com/g/collect,motor1.com,consentReadyAndGiven,G-TKMB81YMJ6
https://m1tm.motor1.com/g/collect,motor1.com,page_view,G-TKMB81YMJ6
https://m1tm.motor1.com/g/collect,motor1.com,scroll,G-TKMB81YMJ6
https://m1tm.motor1.com/g/collect,motor1.com,user_engagement,G-TKMB81YMJ6
https://server-side-tagging-fylerjecta-tl.a.run.app/g/collect,apuestatotal.com,PageView,G-FBCAPI
https://server-side-tagging-fylerjecta-tl.a.run.app/g/collect,apuestatotal.com,user_engagement,G-FBCAPI
https://t.pie.org/g/collect,pie.org,Google Analytics,G-YCLXG9XCHR
https://t.pie.org/g/collect,pie.org,page_view,G-YCLXG9XCHR
https://t.pie.org/g/collect,pie.org,user_engagement,G-YCLXG9XCHR
https://tags.nextdirect.com/g/collect,nextdirect.com,page_view,G-EZDM0TQ1LB
https://tms.hft.hellofresh.com/measurement4/g/collect,hellofresh.com,Infrastructure_PageTransition,G-6XTFRPBHKQ
https://tms.hft.hellofresh.com/measurement4/g/collect,hellofresh.com,Landing_Carrousel_View,G-6XTFRPBHKQ
https://tms.hft.hellofresh.com/measurement4/g/collect,hellofresh.com,Navigation_FirstPageVisit,G-6XTFRPBHKQ
https://tms.hft.hellofresh.com/measurement4/g/collect,hellofresh.com,Navigation_HomePageLoad,G-6XTFRPBHKQ
https://tms.hft.hellofresh.com/measurement4/g/collect,hellofresh.com,Navigation_Scroll,G-6XTFRPBHKQ
https://tms.hft.hellofresh.com/measurement4/g/collect,hellofresh.com,Navigation_landingpageLoad,G-6XTFRPBHKQ
https://tms.hft.hellofresh.com/measurement4/g/collect,hellofresh.com,Wunderkind Impression,G-6XTFRPBHKQ
https://tms.hft.hellofresh.com/measurement4/g/collect,hellofresh.com,page_view,G-6XTFRPBHKQ
https://tms.hft.hellofresh.com/measurement4/g/collect,hellofresh.com,user_engagement,G-6XTFRPBHKQ
https://ssgtm-tagging-prod.orange.sixt.com/g/collect,sixt.com,cstm_alert_banner_view,G-Y8Z9GME8EG
https://ssgtm-tagging-prod.orange.sixt.com/g/collect,sixt.com,cstm_deals_tile_view,G-Y8Z9GME8EG
https://ssgtm-tagging-prod.orange.sixt.com/g/collect,sixt.com,cstm_usps_view,G-Y8Z9GME8EG
https://ssgtm-tagging-prod.orange.sixt.com/g/collect,sixt.com,page_view,G-Y8Z9GME8EG
https://ssgtm-tagging-prod.orange.sixt.com/g/collect,sixt.com,scr_general_home_show,G-Y8Z9GME8EG
https://ssgtm-tagging-prod.orange.sixt.com/g/collect,sixt.com,scr_region_home_show,G-Y8Z9GME8EG
https://ssgtm-tagging-prod.orange.sixt.com/g/collect,sixt.com,user_engagement,G-Y8Z9GME8EG
https://ssgtm-tagging-prod.orange.sixt.com/g/collect,sixt.com,view_promotion,G-Y8Z9GME8EG
https://gsstm.datacamp.com/g/collect,datacamp.com,page_view,G-0VFSSYW4KG
https://gsstm.datacamp.com/g/collect,datacamp.com,pageview,G-0VFSSYW4KG
https://gsstm.datacamp.com/g/collect,datacamp.com,user_engagement,G-0VFSSYW4KG
https://gsstm.datacamp.com/g/collect,datacamp.com,user_properties_updated,G-0VFSSYW4KG
https://sgtm-tagging-gom3uauwma-uc.a.run.app/g/collect,timesunion.com,user_engagement,G-D9S3DDFPT2
https://sst.sbb.rs/g/collect,sbb.rs,ISP,G-R4CQ6DXNJP
https://sst.sbb.rs/g/collect,sbb.rs,page_view,G-R4CQ6DXNJP
https://sst.sbb.rs/g/collect,sbb.rs,user_engagement,G-R4CQ6DXNJP
https://sst.sbb.rs/g/collect,sbb.rs,view_item,G-R4CQ6DXNJP
https://gtm-cloud-image-born-pl-q37xisgszq-ey.a.run.app/g/collect,born2be.pl,page_view,G-HZZRNTGSWD
https://gtm-cloud-image-born-pl-q37xisgszq-ey.a.run.app/g/collect,born2be.pl,user_engagement,G-HZZRNTGSWD
https://gtm-cloud-image-born-pl-q37xisgszq-ey.a.run.app/g/collect,born2be.pl,view_item_list,G-HZZRNTGSWD
https://metrics.wemod.com/g/collect,wemod.com,page_view,G-K7ZLZSR0WX
https://metrics.wemod.com/g/collect,wemod.com,scroll,G-K7ZLZSR0WX
https://metrics.wemod.com/g/collect,wemod.com,user_engagement,G-K7ZLZSR0WX
https://www.vivalocal.com/cfgtg/g/collect,vivalocal.com,page_view,G-J3N8G6G8CF
https://www.vivalocal.com/cfgtg/g/collect,vivalocal.com,user_engagement,G-J3N8G6G8CF
https://gtms.primeriti.es/g/collect,primeriti.es,adwords_page_view,G-12345
https://gtms.primeriti.es/g/collect,primeriti.es,bing_page_view,G-12345
https://gtms.primeriti.es/g/collect,primeriti.es,page_view,G-12345
https://gtms.primeriti.es/g/collect,primeriti.es,user_engagement,G-12345
https://metrics.curbed.com/g/collect,curbed.com,,G-DNE38RK1HX
https://tag-manager.kiwi.com/g/collect,kiwi.com,page_view,G-8JR7GGJF3G
https://tag-manager.kiwi.com/g/collect,kiwi.com,scroll,G-8JR7GGJF3G
https://metrics.geekwire.com/g/collect,geekwire.com,ad_impression,G-PD6PSC6MVD
https://metrics.geekwire.com/g/collect,geekwire.com,email flyout shown,G-PD6PSC6MVD
https://metrics.geekwire.com/g/collect,geekwire.com,impression - sponsored category header,G-PD6PSC6MVD
https://metrics.geekwire.com/g/collect,geekwire.com,page_view,G-PD6PSC6MVD
https://metrics.geekwire.com/g/collect,geekwire.com,scroll,G-PD6PSC6MVD
https://metrics.geekwire.com/g/collect,geekwire.com,sponsor post - footer impression,G-PD6PSC6MVD
https://metrics.geekwire.com/g/collect,geekwire.com,sponsor post - homepage impression,G-PD6PSC6MVD
https://metrics.geekwire.com/g/collect,geekwire.com,user_engagement,G-PD6PSC6MVD
https://gtm.register.it/g/collect,register.it,page_view,G-5VR81DCZXV
https://gtm.register.it/g/collect,register.it,scroll,G-5VR81DCZXV
https://gtm.register.it/g/collect,register.it,tb_cmp_consents,G-5VR81DCZXV
https://gtm.register.it/g/collect,register.it,user_engagement,G-5VR81DCZXV
https://steelseries.com/_ogwir/g/collect,steelseries.com,,
https://securegtm.despegar.com/g/collect,decolar.com,,
https://gss.trovaprezzi.it/g/collect,trovaprezzi.it,,
https://bling-gtms-ga.ue.r.appspot.com/g/collect,bling.com.br,,
https://server-side-tagging-eu-ziicfw44ia-oc.a.run.app/g/collect,millipiyangoonline.com,,
https://api-ga4.sonyliv.com/g/collect,sonyliv.com,,
https://metrics.coindesk.com/g/collect,coindesk.com,,
https://datainsights.loopia.se/g/collect,loopia.se,,
https://metrics.payfit.com/g/collect,payfit.com,,
https://gtm.simply.com/g/collect,simply.com,,
https://dmt.argos.co.uk/g/collect,argos.co.uk,,
https://sst.autotrader.com/g/collect,autotrader.com,,
https://ahw.acehardware.com/g/collect,acehardware.com,,
https://sgtm.signupgenius.com/g/collect,signupgenius.com,,
https://gtm.kobo.com/g/collect,kobo.com,,
https://capi-growth-martech.falabella.tech/g/collect,falabella.com,,
https://fpt.brainly.com/g/collect,brainly.com,,
https://data2.statista.com/g/collect,statista.com,,
https://server-side-tagging-305814.ue.r.appspot.com/g/collect,bluehost.com,,
https://server.sgtm.leboncoin.fr/g/collect,leboncoin.fr,,
/metrics/ga/g/c,3bmeteo.com,,
https://g.sst.gpl.secureserver.net/g/collect,secureserver.net,,
https://api.frontdoor.realtor.com/gtm-tagging/g/collect,realtor.com,,
https://www.starlink.com/sst/g/collect,starlink.com,,
https://analytics.belkin.com/g/collect,belkin.com,,
https://sst.1passwordservices.com/g/collect,1password.com,,
https://prod.analytics.nsw.gov.au/g/collect?v=2&tid=G-NJV7DY7LLC&gtm=45je58f1v872492173z8813584996za200zb813584996zd813584996&_p=1755613010730&gcd=13l3l3l3l1l1&npa=0&dma=0&tag_exp=101509157~103116026~103200004~103233427~104527906~104528500~104684208~104684211~104948812~104948813~105033766~105033768~105103161~105103163~105231383~105231385&tt=prod&cid=1961464382.1755613012&ecid=1544938091&ul=en-us&sr=3420x2148&_fplc=0&ur=US-CA&uaa=x86&uab=64&uafvl=Not)A%253BBrand%3B8.0.0.0%7CChromium%3B138.0.7204.168%7CGoogle%2520Chrome%3B138.0.7204.168&uamb=0&uam=&uap=Linux&uapv=5.15.0&uaw=0&are=1&frm=0&pscdl=noapi&_eu=AAAAAAQ&sst.tft=1755613010730&sst.lpc=42929722&sst.navt=n&sst.ude=0&sst.sw_exp=1&_s=5&dl=https%3A%2F%2Fwww.nsw.gov.au%2F&sid=1755613011&sct=1&seg=1&dt=NSW%20Government&_tu=BA&en=click_link_internal&ep.Agency=49%3ANSW%20Department%20of%20Customer%20Service&ep.Cluster=49%3ANSW%20Department%20of%20Customer%20Service&ep.gtm_info=ID%3A%20GTM-PZ4DLLV%20%7C%20Version%3A%20506&ep.site_section=home&ep.content_template=campaign&ep.global_language=en&ep.gcid=no-value&ep.myservice_login_state=false&ep.custom_event_name=click_link_internal&ep.content_text=Access%20to%20information&ep.link_url=https%3A%2F%2Fwww.nsw.gov.au%2Fnsw-government%2Faccess-nsw-government-information&_et=1&tfd=37501&richsstsse,nsw.gov.au,,
https://sst.infobip.com/g/collect,infobip.com,,
https://tagging.edmunds.com/g/collect,edmunds.com,,
https://server-side-tagging-714522204330.asia-southeast1.run.app/g/collect,klook.com,,
https://tagging.conde.digital/g/collect,vanityfair.it,,
https://metrics.cafepress.com/g/collect,cafepress.com,,
https://server-side-poc-main-v2-zi435s5xba-uc.a.run.app/g/collect,sanofi-synthelabo.com,,G-QQ0NETVGN9
https://data.sendpulse.com/g/collect,sendpulse.com,,G-46NQ594GKJ
https://goldenfrog.com/resources/js/gf_ga.js,goldenfrog.com,,UA-122247578-1
https://gtm.jbl.com/g/collect,jbl.com,,G-Y0LVZT4P2X
https://server-side-tagging-773543190699.us-central1.run.app/g/collect,zonaprop.com.ar,,G-AAAAAAAAAA
https://sgtm.open.ac.uk/g/collect,open.ac.uk,,G-43365CF947
https://www.radiotimes.com/api/gtm/g/collect,radiotimes.com,,G-DVDVDHZWPB
https://vnt.xhspot.com/g/collect,xhspot.com,,G-M59JX8S6QE
https://runforrest.morgenpost.de/g/collect,morgenpost.de,,G-30J8ZHSMNN
https://gtm.coursehero.com/g/collect,coursehero.com,,G-HR7CRKGJMD
https://gtm.yourhosting.nl/g/collect,cldin.eu,,G-1234AW
https://gtm.yourhosting.nl/g/collect,cldin.eu,,G-NLBY713DKT
https://tagging.utwente.nl/g/collect,utwente.nl,,G-DHY20KGR51
https://stream.datago.ru/g/collect,s7.ru,,
