domain,Network Request (Per-Request),Network Request (Domain-Level),Cookies,Window Variables,Meta-Classifier,Combined Classifier
one.one,True,True,True,True,True,True
kaspersky.com,True,True,True,True,True,True
shopify.com,True,True,True,True,True,True
hubspot.com,True,True,True,True,True,True
linktr.ee,True,True,True,True,True,True
hp.com,True,True,True,True,True,True
drom.ru,True,True,True,True,True,True
booking.com,True,True,True,True,True,True
dell.com,True,True,True,True,True,True
indeed.com,True,True,True,True,True,True
wired.com,True,True,True,True,True,True
gitlab.com,True,True,True,True,True,True
eset.com,True,True,True,True,True,True
mobile.de,True,True,True,True,True,True
surveymonkey.com,True,True,True,True,True,True
ikea.com,True,True,True,True,True,True
deepl.com,True,True,True,True,True,True
mailchimp.com,True,True,True,True,True,True
qualtrics.com,True,True,True,True,True,True
nike.com,True,True,True,True,True,True
stackadapt.com,True,True,True,True,True,True
datadoghq.com,True,True,True,True,True,True
theverge.com,True,True,True,True,True,True
airbnb.com,True,True,True,True,True,True
sagepub.com,True,True,True,True,True,True
healthline.com,True,True,True,True,True,True
netgear.com,True,True,True,True,True,True
lefigaro.fr,True,True,True,True,True,True
mailchi.mp,True,True,True,True,True,True
agoda.com,True,True,True,True,True,True
cloudinary.com,True,True,True,True,True,True
jetbrains.com,True,True,True,True,True,True
frontiersin.org,True,True,True,True,True,True
coursera.org,True,True,True,True,True,True
kleinanzeigen.de,True,True,True,True,True,True
beget.com,True,True,True,True,True,True
wise.com,True,True,True,True,True,True
dmm.co.jp,True,True,True,True,True,True
newyorker.com,True,True,True,True,True,True
asu.edu,True,True,True,True,True,True
ixbt.com,True,True,True,True,True,True
moengage.com,True,True,True,True,True,True
tgju.org,True,True,True,True,True,True
marktplaats.nl,True,True,False,True,True,True
afternic.com,True,True,True,True,True,True
subito.it,True,True,True,True,True,True
bmj.com,True,True,True,True,True,True
emag.ro,True,True,True,True,True,True
zalando.de,True,True,True,True,True,True
xhaccess.com,True,True,True,True,True,True
xhamster1.desi,True,True,False,True,True,True
xhwide5.com,True,True,True,True,True,True
xhamster3.com,False,False,False,True,False,False
coingecko.com,True,True,True,True,True,True
sitescout.com,True,True,True,True,True,True
medicalnewstoday.com,True,True,True,True,True,True
fastcompany.com,True,True,True,True,True,True
lecturas.com,True,True,True,True,True,True
livechatinc.com,True,True,True,True,True,True
beget.ru,True,True,True,True,True,True
acronis.com,True,True,True,True,True,True
nextdoor.com,True,True,True,True,True,True
udemy.com,True,True,True,True,True,True
themeisle.com,False,False,True,True,True,False
vox.com,True,True,True,True,True,True
matterport.com,True,True,True,True,True,True
arstechnica.com,True,True,True,True,True,True
nordvpn.com,True,True,True,True,True,True
virginmedia.com,True,True,True,True,True,True
sfgate.com,False,False,True,True,True,True
one.com,True,True,True,True,True,True
wetransfer.com,True,True,True,True,True,True
asana.com,True,True,True,True,True,True
semrush.com,True,True,True,True,True,True
smh.com.au,False,False,True,True,False,False
mixcloud.com,True,True,True,True,True,True
crunchyroll.com,True,True,True,True,True,True
investing.com,True,True,True,True,True,True
theglobeandmail.com,True,True,True,True,True,True
thetimes.co.uk,True,False,True,True,True,True
xhcopy.life,True,True,True,True,True,True
fliphtml5.com,True,True,True,True,True,True
cookiebot.com,True,True,True,True,True,False
vogue.com,True,True,True,True,True,True
usercentrics.eu,True,True,True,True,True,True
vanityfair.com,True,True,True,True,True,True
nymag.com,True,True,True,True,True,True
getyourguide.com,True,True,True,True,True,True
mountain.com,True,True,True,True,True,True
cosmopolitan.com,True,True,True,True,True,True
esquire.com,True,True,True,True,True,True
elle.com,True,True,True,True,True,True
redbull.com,True,True,True,True,True,True
hootsuite.com,True,True,True,True,True,True
goodhousekeeping.com,True,True,True,True,True,True
chron.com,False,False,True,True,True,True
theiconic.com.au,True,True,True,True,True,True
houzz.com,True,True,True,True,True,True
userway.org,True,True,True,True,True,True
redbubble.com,True,True,True,True,True,True
xero.com,True,True,True,True,True,True
nokia.com,True,True,True,True,True,True
intelbras.com.br,True,True,True,True,True,True
straitstimes.com,True,True,True,True,True,True
globalxh.site,True,True,True,True,True,True
splunkcloud.com,True,True,True,True,True,True
asos.com,True,True,True,True,True,True
zara.com,True,True,True,True,True,True
tesco.com,True,True,False,True,True,True
greenpeace.org,True,True,True,True,True,True
statefarm.com,True,True,True,True,True,True
hrw.org,True,True,True,True,True,True
arduino.cc,True,True,True,True,True,True
thetimes.com,True,True,True,True,True,True
hubspot.net,True,True,True,True,True,True
menshealth.com,True,True,True,True,True,True
popularmechanics.com,True,True,True,True,True,True
cengage.com,True,True,True,True,True,True
harpersbazaar.com,True,True,True,True,True,True
monday.com,True,True,True,True,True,True
moovitapp.com,True,True,True,True,True,True
kbb.com,True,True,True,True,True,True
caranddriver.com,True,True,True,True,True,True
nordstrom.com,False,False,True,False,False,False
coca-cola.com,True,True,True,True,True,True
splunk.com,True,True,True,True,True,True
quillbot.com,True,True,True,True,True,True
a2hosting.com,True,True,True,True,True,True
gq.com,True,True,True,True,True,True
popsci.com,True,True,True,True,True,True
arlo.com,False,False,True,True,True,True
dhgate.com,True,True,True,True,True,True
bedbathandbeyond.com,True,True,True,True,True,True
similarweb.com,True,True,True,True,True,True
easyjet.com,True,True,True,True,True,True
bell-labs.com,True,True,True,True,True,True
brevo.com,True,True,True,True,True,True
ow.ly,True,True,True,True,True,True
abtasty.com,True,True,True,True,True,True
bbcgoodfood.com,True,True,True,True,True,True
groupon.com,True,True,True,True,True,True
dmm.com,True,True,True,True,True,True
withings.net,True,True,True,True,True,True
mercari.com,True,True,True,True,True,True
techsmith.com,True,True,True,True,True,True
next.co.uk,True,True,True,True,True,True
newegg.com,True,True,True,True,True,True
ajax.systems,True,True,True,True,True,True
vecteezy.com,True,True,True,True,True,True
pdffiller.com,True,True,True,True,True,True
marksandspencer.com,True,True,True,True,True,True
womenshealthmag.com,True,True,True,True,True,True
sky.it,True,True,True,True,True,True
self.com,True,True,True,True,True,True
skyscanner.net,True,True,True,True,True,True
cars.com,True,True,True,True,True,True
livechat.com,True,True,True,True,True,True
architecturaldigest.com,True,True,True,True,True,True
mailerlite.com,True,True,True,True,True,True
everydayhealth.com,True,True,True,True,True,True
iinet.net.au,True,True,True,True,True,True
nespresso.com,True,True,True,True,True,True
farpost.ru,True,True,True,True,True,True
mobileiron.com,True,True,True,True,True,True
elementor.com,True,True,True,True,True,True
gitlab.io,True,True,True,True,True,True
volvocars.com,True,True,True,True,True,True
kayak.com,True,True,True,False,True,True
20min.ch,True,True,True,True,True,True
op.gg,True,True,True,True,True,True
cntraveler.com,True,True,True,True,True,True
moma.org,True,True,True,True,True,True
elcorteingles.es,True,True,True,True,True,True
sanity.io,True,True,True,True,True,True
eluniversal.com.mx,True,True,True,True,True,True
zappos.com,True,True,True,True,True,True
sumup.com,True,True,True,True,True,True
earnest.com,True,True,True,True,True,True
wired.co.uk,True,True,True,True,True,True
zazzle.com,True,True,True,True,True,True
casasbahia.com.br,True,True,True,True,True,True
skechers.com,True,True,True,True,True,True
getjobber.com,True,True,True,True,True,True
nominaltechno.com,True,False,True,True,True,True
inquirer.com,True,True,True,True,True,True
swarovski.com,True,True,False,True,True,True
glamour.com,True,True,True,True,True,True
justanswer.com,True,True,True,True,True,True
goodrx.com,True,True,True,True,True,True
kijiji.ca,True,True,True,True,True,True
monster.com,True,True,True,True,True,True
puma.com,True,True,True,True,True,True
so-net.ne.jp,True,True,True,True,True,True
se.com,True,True,True,True,True,True
vulture.com,True,True,True,True,True,True
theage.com.au,True,False,True,True,False,False
invisalign.com,True,True,True,True,True,True
we.tl,True,True,True,True,True,True
latamairlines.com,True,True,True,True,True,True
survicate.com,True,True,True,True,True,True
diy.com,True,True,False,True,True,True
liverpool.com.mx,True,True,True,True,True,True
websupport.sk,True,True,True,True,True,True
linternaute.com,True,True,True,True,True,True
avid.com,True,True,True,True,True,True
pubgclanemblem.com,True,True,True,True,True,True
maryland.gov,True,True,True,True,True,True
axs.com,True,True,True,True,True,True
secondlife.com,True,True,True,True,True,True
sfchronicle.com,False,False,True,True,True,True
revolut.com,True,True,True,True,True,True
psychcentral.com,True,True,True,True,True,True
bajajfinserv.in,False,True,True,True,True,True
currys.co.uk,True,True,True,True,True,True
beeg.com,True,True,True,True,True,True
gucci.com,True,True,True,True,True,True
countryliving.com,True,True,True,True,True,True
lidl.de,True,True,True,True,True,True
bonappetit.com,True,True,True,True,True,True
iherb.com,True,True,True,True,True,True
catawiki.com,True,True,True,True,True,True
iaai.com,True,True,True,True,True,True
warframe.com,True,True,True,True,True,True
adac.de,True,True,True,True,True,True
ceneo.pl,True,True,False,True,True,True
very.co.uk,True,True,True,True,True,True
journaldesfemmes.fr,True,True,True,True,True,True
tradeinn.com,True,True,True,True,True,True
ilpost.it,True,True,True,True,True,True
teenvogue.com,True,True,True,True,True,True
voicemod.net,True,True,False,True,True,True
sinsay.com,True,True,True,True,True,True
asda.com,True,True,True,True,True,True
thecut.com,True,True,True,True,True,True
headspace.com,True,True,True,True,True,True
dunelm.com,True,True,True,True,True,True
unm.edu,True,True,True,True,True,True
onthemarket.com,True,True,True,True,True,True
snapfish.com,True,True,True,True,True,True
allure.com,True,True,True,True,True,True
is.fi,True,True,True,True,True,True
dior.com,True,True,True,True,True,True
nami.org,True,True,True,True,True,True
reserved.com,True,True,True,True,True,True
framer.com,True,True,True,True,True,True
boots.com,True,True,True,True,True,True
stradivarius.com,True,True,True,True,True,True
diamond.jp,True,True,True,True,True,True
jet2holidays.com,True,True,True,True,True,True
lokalise.com,True,True,True,True,True,True
beforward.jp,True,True,True,True,True,True
jbhifi.com.au,True,True,True,True,True,True
masterclass.com,True,True,True,True,True,True
airasia.com,True,True,True,True,True,True
manyvids.com,True,True,False,True,True,True
signalfx.com,True,True,True,True,True,True
delish.com,True,True,True,True,True,True
timesonline.co.uk,True,False,True,True,True,True
blesk.cz,True,True,True,True,True,True
ticketone.it,True,True,True,True,True,True
2dehands.be,True,True,False,True,True,True
telenet.be,True,True,True,True,True,True
optus.com.au,True,True,True,True,True,True
futurism.com,True,True,True,True,True,True
feverup.com,True,True,True,True,True,True
cdkeys.com,True,True,True,True,True,True
ciceksepeti.com,True,True,True,True,True,True
dafiti.com.br,True,True,True,True,True,True
bolt.eu,True,True,True,True,True,True
madeiramadeira.com.br,True,True,True,True,True,True
therange.co.uk,True,True,True,True,True,True
shop-apotheke.com,True,True,True,True,True,True
discoveryplus.com,True,True,True,True,True,True
sendinblue.com,True,True,True,True,True,True
rpp.pe,True,True,True,True,True,True
falabella.com.pe,True,True,True,True,True,True
lendingtree.com,True,True,True,True,True,True
gala.fr,True,True,True,True,True,True
gupy.io,True,True,True,True,True,True
epicurious.com,True,True,True,True,True,True
boulanger.com,True,True,True,True,True,True
appcues.com,True,True,True,True,True,True
matalan.co.uk,True,True,True,True,True,True
topuniversities.com,True,True,True,True,True,True
simonandschuster.com,True,False,True,True,True,True
mandmdirect.com,True,True,True,True,True,True
lagged.com,True,True,True,True,True,True
backlinko.com,True,True,True,True,True,True
falabella.com.co,True,False,True,True,True,True
cellphones.com.vn,True,True,True,True,True,True
veed.io,True,True,True,True,True,True
usabilla.com,True,True,True,True,True,True
jabra.com,True,True,True,True,True,True
lidl.es,True,True,True,True,True,True
ifortuna.sk,True,True,True,True,True,True
p-bandai.jp,True,True,True,True,True,True
zalando.nl,True,True,True,True,True,True
lachainemeteo.com,True,True,False,True,True,True
jetbrains.ai,True,True,True,True,True,True
homegate.ch,True,True,True,True,True,True
yesplay.bet,True,True,True,True,True,True
elmueble.com,True,True,True,True,True,True
bose.com,True,True,True,True,True,True
monotaro.com,True,True,True,True,True,True
zalando.fr,True,True,True,True,True,True
partner.co.il,True,True,True,True,True,True
premierbet.com,True,True,True,True,True,True
alura.com.br,True,True,True,True,True,True
zalando.it,True,True,True,True,True,True
nrc.nl,True,True,True,True,True,True
mywellness.com,True,True,True,True,True,True
indeed.net,True,True,True,True,True,True
cas.sk,True,True,True,True,True,True
zalando.pl,True,True,True,True,True,True
zalando.es,True,True,True,True,True,True
bellemaison.jp,True,True,True,True,True,True
xn--pckua2a7gp15o89zb.com,True,True,True,True,True,True
kabutan.jp,True,True,True,True,True,True
livesport.cz,True,True,True,True,True,True
livechatenterprise.com,True,True,True,True,True,True
procore.com,True,True,True,True,True,True
lidl.fr,True,True,True,True,True,True
airbnb.co.uk,True,True,True,True,True,True
skyscanner.co.in,True,True,True,True,True,True
octopus.energy,True,True,True,True,True,True
foreignaffairs.com,True,True,True,True,True,True
vivastreet.co.uk,True,True,True,True,True,True
ig.com,True,True,True,True,True,True
www1.ru,True,True,True,True,True,True
leroymerlin.pl,True,True,False,True,True,True
ivanti.com,True,True,True,True,True,True
lyxh.site,True,True,True,True,True,True
semana.es,True,False,True,True,True,True
tiny.com.br,True,True,True,True,True,True
overstock.com,True,True,True,True,True,True
kavak.com,True,True,True,True,True,True
dan.com,True,True,True,True,True,True
ncl.ac.uk,True,True,True,True,True,True
sunrise.ch,True,True,True,True,True,True
dandomain.dk,True,True,True,True,True,True
socialmediatoday.com,True,True,True,True,True,True
motor1.com,True,True,True,True,True,True
apuestatotal.com,True,True,True,True,True,True
pie.org,True,True,True,True,True,True
nextdirect.com,True,True,True,True,True,True
hellofresh.com,True,True,True,True,True,True
sixt.com,True,True,True,True,True,True
datacamp.com,True,True,True,True,True,True
timesunion.com,False,False,True,True,True,True
sbb.rs,True,True,True,True,True,True
born2be.pl,True,True,True,True,True,True
wemod.com,True,True,True,True,True,True
vivalocal.com,True,True,True,True,True,True
primeriti.es,True,True,True,True,True,True
curbed.com,True,True,True,True,True,True
kiwi.com,True,True,True,True,True,True
geekwire.com,True,True,True,True,True,True
register.it,True,True,True,True,True,True
steelseries.com,True,True,True,True,True,True
decolar.com,True,True,True,True,True,True
trovaprezzi.it,True,True,True,True,True,True
bling.com.br,True,True,True,True,True,True
millipiyangoonline.com,True,True,True,True,True,True
sonyliv.com,True,True,True,True,True,True
coindesk.com,True,True,True,True,True,True
loopia.se,True,True,True,True,True,True
payfit.com,True,True,True,True,True,True
simply.com,True,True,True,True,True,True
argos.co.uk,True,True,True,True,True,True
autotrader.com,True,True,True,True,True,True
acehardware.com,True,True,True,True,True,True
signupgenius.com,True,True,True,True,True,True
kobo.com,True,True,True,True,True,True
falabella.com,True,True,True,True,True,True
brainly.com,True,True,True,True,True,True
statista.com,True,True,True,True,True,True
bluehost.com,True,True,True,True,True,True
leboncoin.fr,True,True,False,True,True,True
3bmeteo.com,True,True,True,True,True,True
secureserver.net,True,True,True,True,True,True
realtor.com,True,True,True,True,True,True
starlink.com,True,True,True,True,True,True
belkin.com,True,True,True,True,True,True
1password.com,True,True,True,True,True,True
nsw.gov.au,True,True,True,True,True,True
infobip.com,True,True,True,True,True,True
edmunds.com,True,True,True,True,True,True
klook.com,True,True,True,True,True,True
vanityfair.it,True,True,True,True,True,True
cafepress.com,True,True,True,True,True,True
sanofi-synthelabo.com,True,True,True,True,True,True
sendpulse.com,True,True,True,True,True,True
goldenfrog.com,True,True,True,True,True,True
jbl.com,True,True,True,True,True,True
zonaprop.com.ar,True,True,True,True,True,True
open.ac.uk,True,True,True,True,True,True
radiotimes.com,True,True,True,True,True,True
xhspot.com,True,True,True,True,True,True
morgenpost.de,True,True,True,True,True,True
coursehero.com,True,True,True,True,True,True
cldin.eu,True,True,True,True,False,True
utwente.nl,True,True,True,True,True,True
s7.ru,True,True,True,True,True,False
